1,1,1,1,1,1,1,1,1,1,-1,-1,-1,-1,-1,-1,1,0,-1,-1,-1,0,0,0,0,0,0,-1,-1,-1,-1,0,0,0,0,-1,-1,0,0,0,0,0,-1,0,0,0,0,0,0,0,0,0,0,0,0,0,0,0,0,0,0,0,0,0,1.0
-1,1,1,1,1,0,-1,0,0,1,0,1,0,-1,0,0,-1,1,1,1,-1,1,1,0,0,1,0,-1,-1,0,0,0,0,1,-1,-1,-1,0,0,0,0,1,0,0,0,0,0,0,0,0,0,0,0,0,0,0,0,0,0,0,0,0,0,0,1.0
1,1,1,1,1,1,0,1,0,1,-1,1,1,1,1,0,-1,1,1,1,1,1,1,0,0,1,-1,-1,-1,-1,-1,0,0,0,-1,-1,-1,-1,0,0,0,0,-1,-1,0,0,0,0,0,0,0,0,0,0,0,0,0,0,0,0,0,0,0,0,1.0
1,1,1,1,1,1,1,1,1,1,1,1,1,-1,1,1,1,1,1,1,-1,1,1,1,1,1,-1,-1,-1,1,-1,1,1,1,-1,-1,1,-1,-1,1,1,1,1,1,-1,-1,1,1,1,1,1,1,-1,-1,-1,1,1,1,1,1,-1,-1,-1,-1,1.0
1,1,1,1,1,1,1,-1,1,1,1,1,1,1,-1,-1,1,-1,1,1,1,1,-1,-1,1,1,1,1,-1,1,-1,-1,-1,1,1,1,1,1,1,-1,-1,-1,1,1,1,1,-1,-1,-1,1,1,1,1,-1,-1,-1,-1,-1,-1,-1,-1,-1,0,0,1.0
0,0,0,0,0,0,0,0,0,0,0,0,-1,0,0,0,0,1,1,1,-1,1,0,0,0,0,0,1,-1,-1,0,0,0,0,1,1,-1,0,0,0,0,0,0,0,0,0,0,0,0,0,0,0,0,0,0,0,0,0,0,0,0,0,0,0,1.0
0,1,1,1,1,0,0,0,0,0,1,1,0,0,0,0,-1,1,1,1,0,-1,0,0,-1,-1,-1,-1,-1,-1,0,0,-1,-1,-1,-1,-1,1,0,0,-1,-1,0,0,0,0,0,0,-1,0,0,0,0,0,0,0,0,0,0,0,0,0,0,0,0.0
1,1,1,1,1,1,0,1,0,1,0,0,-1,1,1,0,-1,1,1,-1,-1,-1,0,0,0,1,-1,-1,-1,-1,-1,0,0,0,1,-1,-1,-1,0,0,0,0,0,-1,0,0,0,0,0,0,0,0,0,0,0,0,0,0,0,0,0,0,0,0,1.0
1,1,1,1,1,1,-1,1,1,1,-1,1,1,1,1,1,1,1,1,1,1,1,1,1,1,1,1,1,-1,-1,1,1,1,1,1,1,-1,1,-1,1,0,1,-1,-1,-1,-1,0,-1,1,1,0,0,-1,0,0,0,0,0,0,0,0,0,0,0,1.0
-1,1,1,1,1,1,1,1,-1,-1,1,1,1,1,-1,1,-1,-1,1,1,-1,-1,1,1,-1,1,1,-1,-1,-1,-1,1,-1,1,0,-1,-1,-1,0,-1,-1,0,-1,0,0,0,0,0,0,0,0,0,0,0,0,0,0,0,0,0,0,0,0,0,1.0
-1,1,1,1,1,1,1,1,-1,-1,1,1,1,1,-1,1,-1,-1,-1,-1,-1,-1,1,1,-1,-1,-1,-1,-1,-1,1,1,0,0,0,-1,-1,-1,0,0,0,0,-1,0,0,0,0,0,0,0,0,0,0,0,0,0,0,0,0,0,0,0,0,0,1.0
-1,1,1,1,1,1,1,1,-1,-1,1,1,1,1,-1,1,-1,-1,-1,1,1,-1,-1,1,-1,-1,1,-1,-1,-1,-1,1,-1,-1,1,-1,-1,-1,1,1,-1,-1,-1,1,1,-1,-1,1,-1,-1,1,1,1,0,-1,0,-1,-1,0,0,0,0,0,0,1.0
-1,1,1,1,1,1,-1,0,-1,-1,1,1,1,-1,1,0,-1,-1,-1,-1,-1,-1,-1,-1,-1,-1,-1,-1,1,1,1,0,0,0,0,-1,-1,0,0,0,0,0,-1,0,0,0,0,0,0,0,0,0,0,0,0,0,0,0,0,0,0,0,0,0,1.0
1,1,1,1,1,1,1,1,1,1,1,1,1,1,1,1,1,-1,1,1,1,1,1,1,1,-1,1,1,1,-1,1,1,1,1,1,1,-1,1,1,1,1,1,1,1,-1,1,1,1,1,1,1,-1,1,1,1,1,0,0,-1,0,-1,1,-1,-1,1.0
-1,1,1,1,1,1,-1,0,0,1,0,1,0,1,0,0,-1,1,1,1,-1,-1,-1,-1,0,1,0,-1,-1,0,0,0,0,1,-1,-1,-1,0,0,0,0,1,0,0,0,0,0,0,0,0,0,0,0,0,0,0,0,0,0,0,0,0,0,0,1.0
1,1,1,1,1,1,-1,1,1,1,-1,1,1,1,1,1,1,1,-1,1,1,1,1,1,1,1,-1,1,-1,-1,1,1,1,1,-1,1,-1,-1,1,1,0,1,-1,1,-1,1,-1,-1,1,1,1,-1,1,-1,-1,-1,0,1,1,1,1,1,-1,0,1.0
0,1,1,1,1,1,-1,-1,1,1,1,1,0,1,-1,1,-1,-1,1,1,-1,1,1,0,-1,-1,1,-1,-1,-1,-1,0,-1,-1,-1,-1,-1,-1,-1,0,-1,-1,-1,0,0,0,0,0,-1,0,0,-1,0,0,0,0,0,0,0,0,0,0,0,0,0.0
0,-1,1,1,1,1,1,0,0,0,-1,1,1,1,0,0,0,1,-1,-1,1,0,0,0,0,0,-1,-1,-1,0,0,0,0,0,-1,-1,-1,0,0,0,0,0,0,0,0,0,0,0,0,0,0,0,0,0,0,0,0,0,0,0,0,0,0,0,1.0
1,1,1,1,1,1,1,1,1,1,1,-1,1,1,1,1,1,1,-1,1,1,1,1,1,1,1,-1,1,1,1,1,1,1,1,-1,1,-1,1,1,1,1,1,-1,1,1,-1,1,1,0,1,-1,1,-1,-1,-1,0,0,0,-1,0,0,0,0,0,1.0
1,1,1,1,1,1,0,1,0,1,-1,1,1,1,1,0,-1,-1,1,1,1,1,1,0,-1,1,1,1,1,1,1,1,0,0,-1,-1,-1,-1,0,0,0,0,-1,-1,0,0,0,0,0,0,0,0,0,0,0,0,0,0,0,0,0,0,0,0,1.0
1,1,1,1,1,1,1,1,1,1,1,1,1,1,1,1,1,-1,1,1,-1,1,1,1,1,-1,1,-1,1,-1,1,1,1,-1,-1,-1,-1,-1,-1,1,1,-1,1,1,1,-1,0,0,0,-1,0,0,0,0,0,0,0,0,0,0,0,0,0,0,1.0
1,1,1,1,1,1,1,1,1,1,1,-1,1,1,1,1,1,1,-1,1,-1,-1,-1,1,1,-1,1,-1,-1,-1,-1,0,-1,0,0,-1,-1,0,0,0,0,0,-1,0,0,0,0,0,0,0,0,0,0,0,0,0,0,0,0,0,0,0,0,0,1.0
1,1,1,1,1,1,1,1,1,1,1,1,1,1,1,1,1,1,1,1,1,-1,1,1,-1,1,1,1,1,-1,1,1,-1,-1,-1,1,1,1,-1,-1,-1,-1,-1,-1,-1,-1,-1,-1,0,0,0,0,0,0,0,0,0,0,0,0,0,0,0,0,1.0
-1,1,1,1,1,1,1,1,-1,-1,1,1,1,1,-1,1,-1,-1,-1,1,1,1,-1,1,-1,-1,1,-1,-1,1,-1,1,-1,-1,1,-1,-1,1,-1,1,-1,-1,1,1,-1,-1,-1,1,-1,-1,1,1,1,1,-1,1,-1,-1,1,1,1,1,-1,-1,1.0
1,1,1,1,1,1,1,1,1,1,1,-1,1,1,1,1,1,1,-1,-1,1,1,1,1,1,1,-1,-1,1,1,1,1,1,1,-1,-1,1,1,1,1,1,-1,1,-1,1,-1,1,1,1,1,-1,1,1,1,-1,1,1,1,1,1,1,-1,0,-1,1.0
1,1,1,1,-1,0,0,1,0,1,0,0,-1,1,1,0,-1,1,1,-1,-1,1,0,0,0,1,-1,-1,-1,-1,0,0,0,0,1,-1,-1,-1,0,0,0,0,0,-1,0,0,0,0,0,0,0,0,0,0,0,0,0,0,0,0,0,0,0,0,1.0
0,1,1,1,1,0,0,-1,1,1,1,1,0,1,-1,1,-1,-1,1,1,1,-1,0,0,-1,-1,1,1,-1,-1,-1,0,-1,-1,1,-1,-1,1,0,0,-1,-1,-1,0,0,0,0,0,-1,0,0,-1,0,0,0,0,0,0,0,0,0,0,0,0,0.0
0,1,1,1,1,1,-1,-1,1,1,1,1,-1,1,1,1,-1,-1,1,-1,-1,-1,1,1,-1,-1,-1,-1,-1,-1,-1,0,-1,-1,-1,-1,-1,-1,-1,0,-1,-1,-1,0,0,0,0,0,-1,0,0,-1,0,0,0,0,0,0,0,0,0,0,0,0,0.0
1,1,1,1,1,1,1,1,1,1,1,1,1,-1,1,1,1,1,1,1,-1,-1,-1,1,-1,-1,-1,-1,-1,-1,1,-1,0,-1,-1,-1,-1,-1,0,0,0,-1,0,0,0,-1,0,0,-1,0,0,0,0,0,0,0,0,0,0,0,0,0,0,0,1.0
1,1,1,1,1,1,1,1,1,1,1,1,1,1,1,1,1,1,1,1,1,-1,1,1,1,1,1,1,-1,-1,1,1,1,-1,1,-1,1,1,1,1,1,-1,-1,1,1,1,1,1,1,-1,-1,-1,-1,1,1,1,-1,-1,0,-1,-1,0,0,0,1.0
1,1,1,1,1,1,1,1,1,1,1,1,1,-1,1,1,1,1,1,1,-1,1,-1,1,1,1,-1,-1,-1,-1,-1,1,1,1,-1,-1,-1,-1,-1,1,1,1,1,-1,-1,-1,1,1,1,1,-1,-1,1,1,-1,1,1,0,-1,0,0,-1,0,-1,1.0
0,0,0,0,0,0,0,0,0,0,0,0,0,0,0,0,0,0,0,1,-1,0,0,0,0,0,0,1,-1,0,0,0,0,0,0,1,-1,0,0,0,0,0,0,0,0,0,0,0,0,0,0,0,0,0,0,0,0,0,0,0,0,0,0,0,0.8
1,1,1,1,1,1,1,1,1,1,1,1,1,1,1,1,1,1,1,1,1,-1,1,1,1,1,1,1,1,-1,1,1,1,-1,1,1,-1,1,-1,-1,1,-1,1,1,-1,-1,-1,-1,1,1,1,1,-1,0,0,0,0,-1,0,0,0,0,0,0,1.0
1,1,1,0,0,0,0,0,1,1,1,-1,0,0,1,0,1,1,1,-1,-1,1,1,1,0,0,-1,-1,-1,-1,0,0,0,-1,-1,-1,-1,0,0,0,0,-1,0,0,0,0,0,0,-1,0,0,0,0,0,0,0,0,0,0,0,0,0,0,0,1.0
0,0,0,0,0,0,0,0,0,0,0,-1,0,0,0,0,0,1,1,-1,0,0,0,0,0,0,0,-1,1,0,0,0,0,0,1,-1,-1,0,0,0,0,1,0,0,0,0,0,0,0,0,0,0,0,0,0,0,0,0,0,0,0,0,0,0,1.0
0,0,0,0,0,0,0,0,0,0,0,0,0,1,0,0,0,0,-1,1,1,0,-1,0,0,0,0,-1,1,1,1,0,0,0,-1,-1,-1,0,0,0,0,0,0,0,0,0,0,0,0,0,0,0,0,0,0,0,0,0,0,0,0,0,0,0,0.0
1,1,1,1,1,1,1,1,1,1,1,1,1,1,1,1,1,-1,1,1,-1,1,1,1,1,-1,1,-1,1,1,1,1,1,-1,1,1,-1,1,0,1,1,-1,1,-1,0,-1,0,0,0,-1,0,0,0,0,0,0,0,0,0,0,0,0,0,0,1.0
1,1,1,1,1,1,1,1,1,1,1,1,1,-1,1,1,1,1,1,1,-1,1,-1,1,1,1,-1,-1,-1,-1,1,1,1,1,-1,-1,-1,1,1,1,1,1,-1,1,1,1,1,-1,-1,-1,-1,0,-1,0,0,0,0,0,0,0,0,0,0,0,1.0
0,-1,0,1,0,0,0,1,0,-1,0,0,1,0,1,0,-1,-1,1,-1,-1,1,0,0,0,0,0,1,1,-1,0,0,0,0,1,1,-1,0,0,0,0,0,0,0,0,0,0,0,0,0,0,0,0,0,0,0,0,0,0,0,0,0,0,0,1.0
0,-1,-1,-1,-1,-1,-1,-1,0,-1,-1,1,1,-1,1,-1,0,-1,1,1,1,1,1,1,0,1,-1,-1,-1,-1,-1,-1,0,0,-1,-1,-1,0,0,-1,0,0,0,0,0,0,0,0,0,0,0,0,0,0,0,0,0,0,0,0,0,0,0,0,0.0
0,0,1,1,1,-1,0,0,0,0,0,-1,-1,1,0,0,0,1,0,-1,1,0,0,0,0,0,1,-1,-1,0,0,0,0,0,-1,-1,-1,0,0,0,0,0,0,0,0,0,0,0,0,0,0,0,0,0,0,0,0,0,0,0,0,0,0,0,1.0
1,1,1,1,1,1,1,1,1,1,1,1,1,-1,1,1,1,1,1,1,-1,1,-1,1,1,1,-1,-1,-1,-1,1,1,1,1,1,-1,-1,1,1,1,0,-1,0,-1,0,-1,0,0,-1,0,0,0,0,0,0,0,0,0,0,0,0,0,0,0,1.0
0,0,0,0,0,0,0,0,0,0,0,0,0,0,0,0,0,0,0,0,0,0,0,0,0,0,0,-1,1,0,0,0,0,0,0,1,-1,0,0,0,0,0,0,0,0,0,0,0,0,0,0,0,0,0,0,0,0,0,0,0,0,0,0,0,0.8
0,1,0,-1,1,0,0,0,0,1,1,-1,0,0,0,0,0,1,1,-1,0,0,0,0,0,0,1,-1,-1,0,0,0,0,0,0,-1,-1,-1,0,0,0,0,0,-1,0,0,0,0,0,0,0,0,0,0,0,0,0,0,0,0,0,0,0,0,1.0
1,1,1,1,1,1,1,-1,1,1,1,1,1,1,-1,-1,1,-1,1,1,1,1,-1,-1,1,1,1,1,-1,1,-1,-1,-1,1,1,1,1,-1,1,-1,-1,1,1,1,-1,-1,-1,-1,-1,-1,-1,-1,-1,0,0,-1,-1,0,0,0,0,0,0,0,1.0
-1,1,1,1,1,1,1,1,-1,1,1,-1,-1,1,1,1,-1,-1,1,1,-1,1,1,1,-1,-1,-1,-1,-1,-1,1,1,-1,-1,-1,-1,-1,-1,1,-1,-1,-1,-1,1,-1,1,-1,-1,-1,-1,-1,-1,-1,-1,-1,-1,0,0,-1,0,-1,0,0,0,1.0
1,1,1,1,1,1,1,1,1,1,1,1,1,-1,1,1,1,1,1,1,-1,1,-1,1,1,1,-1,-1,-1,-1,-1,1,1,1,-1,-1,-1,-1,-1,1,1,1,1,-1,1,-1,1,-1,-1,-1,-1,1,-1,-1,-1,0,0,0,0,0,0,-1,0,0,1.0
1,-1,-1,-1,-1,-1,-1,-1,-1,-1,-1,1,-1,-1,-1,-1,-1,-1,1,-1,1,-1,-1,1,-1,-1,1,-1,-1,1,-1,-1,1,1,-1,1,1,-1,-1,-1,1,1,1,0,-1,-1,-1,0,0,0,0,0,0,0,0,0,0,0,0,0,0,0,0,0,0.0
0,0,0,0,0,0,0,0,0,0,0,-1,0,1,0,0,0,0,0,-1,1,0,0,0,0,0,0,-1,1,1,0,0,0,0,0,-1,-1,0,0,0,0,0,-1,0,0,0,0,0,0,0,0,0,0,0,0,0,0,0,0,0,0,0,0,0,1.0
1,1,1,1,0,-1,0,0,1,1,1,1,1,1,-1,0,1,-1,1,1,1,-1,0,0,1,1,1,1,-1,1,0,0,-1,-1,1,-1,-1,0,0,0,1,-1,0,0,-1,0,0,0,0,0,0,0,0,0,0,0,0,0,0,0,0,0,0,0,1.0
1,1,1,1,1,1,1,1,1,1,1,-1,1,1,1,1,1,1,-1,1,1,1,1,1,1,1,1,-1,1,1,1,1,1,1,1,1,-1,1,-1,-1,1,1,1,1,0,-1,0,0,0,0,0,0,0,0,0,0,0,0,0,0,0,0,0,0,1.0
0,1,0,1,0,-1,0,0,-1,1,-1,1,1,1,0,0,0,1,-1,-1,1,1,0,0,1,1,-1,1,1,1,0,0,0,-1,0,-1,-1,0,0,0,0,0,0,0,-1,0,0,0,0,0,0,0,0,0,0,0,0,0,0,0,0,0,0,0,1.0
1,1,1,1,1,1,1,-1,1,1,1,1,1,1,-1,-1,1,-1,1,1,1,1,-1,-1,1,1,1,1,-1,1,-1,-1,-1,1,1,1,1,1,1,-1,-1,-1,1,1,1,1,-1,-1,-1,1,1,1,-1,-1,-1,-1,-1,1,1,-1,0,0,0,0,1.0
-1,1,1,1,1,1,1,1,1,1,1,-1,-1,1,0,1,1,1,1,1,-1,-1,1,1,1,-1,1,-1,1,-1,-1,1,1,1,-1,-1,-1,-1,-1,-1,1,-1,0,0,0,0,0,0,0,-1,0,0,0,0,0,0,0,0,0,0,0,0,0,0,1.0
0,0,0,0,0,0,0,0,0,-1,1,0,0,0,1,0,0,-1,1,1,0,1,-1,0,0,0,-1,-1,-1,-1,0,0,0,0,1,-1,-1,0,0,0,0,1,0,0,0,0,0,0,0,0,0,0,0,0,0,0,0,0,0,0,0,0,0,0,1.0
1,1,1,1,1,1,1,1,1,1,1,-1,1,1,1,1,1,1,-1,1,-1,-1,1,1,1,1,1,1,1,-1,-1,1,-1,1,0,-1,-1,0,-1,-1,0,0,-1,0,0,0,0,0,0,0,0,0,0,0,0,0,0,0,0,0,0,0,0,0,1.0
1,1,1,1,1,1,1,0,1,1,1,1,1,-1,-1,-1,1,1,1,-1,-1,1,-1,1,0,0,-1,-1,-1,-1,1,0,0,-1,-1,-1,-1,0,0,0,0,-1,0,0,0,0,0,0,-1,0,0,0,0,0,0,0,0,0,0,0,0,0,0,0,1.0
0,0,0,0,0,0,0,0,-1,1,0,-1,0,1,0,0,0,1,0,-1,-1,0,-1,0,0,1,1,-1,1,-1,0,0,0,0,0,-1,-1,0,0,0,0,0,-1,0,0,0,0,0,0,0,0,0,0,0,0,0,0,0,0,0,0,0,0,0,1.0
1,1,1,1,1,1,-1,1,1,1,-1,1,1,1,1,1,1,1,-1,1,1,1,1,1,1,1,-1,1,-1,-1,1,1,1,1,-1,1,-1,-1,1,1,0,1,-1,1,-1,1,-1,-1,1,1,-1,-1,1,-1,-1,-1,0,0,-1,1,0,0,0,0,1.0
1,1,1,1,1,1,1,1,1,1,1,-1,1,1,1,-1,1,1,-1,1,1,1,0,0,0,-1,0,-1,-1,-1,-1,0,0,0,0,-1,-1,0,0,0,0,0,-1,0,0,0,0,0,0,0,0,0,0,0,0,0,0,0,0,0,0,0,0,0,1.0
0,0,0,0,0,0,0,0,0,0,0,0,0,0,0,0,0,1,1,1,0,0,0,0,0,0,0,-1,1,0,0,0,0,0,0,-1,-1,0,0,0,0,0,0,-1,0,0,0,0,0,0,0,0,0,0,0,0,0,0,0,0,0,0,0,0,1.0
1,1,1,1,1,1,1,-1,1,1,1,1,1,1,-1,-1,1,-1,1,1,1,-1,-1,-1,1,1,1,1,-1,-1,-1,-1,-1,-1,1,1,-1,-1,-1,-1,-1,-1,-1,-1,-1,0,0,0,-1,0,-1,0,0,0,0,0,0,0,0,0,0,0,0,0,1.0
1,1,1,1,1,1,1,1,1,1,1,1,1,1,1,1,1,1,1,1,1,-1,1,1,-1,1,1,1,-1,-1,1,1,-1,-1,0,-1,-1,-1,0,0,-1,0,-1,-1,0,0,0,0,0,0,0,0,0,0,0,0,0,0,0,0,0,0,0,0,1.0
-1,1,1,1,1,1,1,1,-1,1,1,-1,-1,1,1,1,-1,1,1,1,-1,1,1,1,-1,-1,1,-1,1,-1,-1,1,-1,-1,1,1,-1,-1,-1,-1,-1,-1,-1,0,0,0,0,0,-1,-1,0,-1,0,0,0,0,0,0,0,0,0,0,0,0,1.0
-1,-1,-1,-1,-1,-1,-1,-1,-1,-1,1,1,-1,1,1,-1,-1,-1,-1,1,-1,1,1,-1,-1,-1,-1,-1,-1,1,1,-1,-1,-1,-1,1,-1,1,1,-1,-1,-1,-1,-1,1,-1,-1,-1,-1,-1,-1,1,-1,1,-1,-1,-1,-1,1,1,1,1,0,-1,0.0
-1,1,1,1,1,1,1,1,-1,1,1,-1,-1,1,1,1,-1,-1,1,1,-1,1,1,1,-1,-1,-1,-1,1,-1,1,1,-1,-1,-1,1,-1,-1,1,-1,-1,-1,1,1,-1,1,-1,-1,-1,-1,-1,-1,-1,-1,-1,-1,1,-1,-1,0,-1,0,0,0,1.0
0,0,1,1,1,1,1,0,0,1,1,1,1,-1,1,-1,0,0,-1,-1,-1,-1,-1,0,0,0,0,-1,-1,-1,-1,-1,0,0,-1,-1,-1,0,0,-1,0,0,0,0,0,0,0,0,0,0,0,0,0,0,0,0,0,0,0,0,0,0,0,0,0.0
0,0,0,1,0,-1,0,0,-1,-1,-1,1,1,1,0,0,0,1,0,-1,-1,1,0,0,1,1,-1,1,-1,0,0,0,0,0,0,-1,-1,0,0,0,0,0,0,0,-1,0,0,0,0,0,0,0,0,0,0,0,0,0,0,0,0,0,0,0,1.0
-1,1,1,1,1,1,1,1,-1,-1,1,1,1,1,-1,1,-1,-1,-1,1,1,-1,-1,1,-1,-1,1,1,1,-1,-1,1,-1,-1,1,1,1,-1,-1,1,-1,1,-1,-1,-1,-1,-1,1,1,0,0,-1,0,0,0,0,0,0,0,0,0,0,0,0,1.0
1,-1,-1,-1,-1,-1,-1,-1,-1,-1,-1,1,-1,-1,-1,-1,-1,-1,1,-1,1,-1,-1,-1,-1,-1,1,-1,-1,1,-1,-1,1,-1,-1,-1,1,-1,1,-1,1,-1,-1,1,1,1,-1,-1,0,-1,1,1,1,1,0,-1,0,0,0,0,0,0,0,0,0.0
-1,1,1,1,1,1,1,1,-1,-1,1,1,1,1,-1,1,-1,-1,-1,1,1,1,-1,1,-1,-1,1,-1,-1,1,-1,1,-1,-1,1,-1,-1,1,1,1,-1,-1,-1,1,-1,1,1,1,-1,-1,-1,-1,-1,1,1,1,-1,-1,0,-1,-1,0,0,0,1.0
1,1,1,1,1,1,1,1,1,1,1,1,1,1,1,1,1,1,1,1,1,-1,1,1,1,1,1,1,1,-1,1,1,1,-1,1,1,-1,1,-1,-1,1,-1,1,-1,-1,-1,-1,-1,1,-1,-1,0,0,0,0,0,0,-1,0,0,0,0,0,0,1.0
1,1,1,1,1,1,1,0,1,1,1,1,1,1,-1,-1,1,1,1,1,1,0,0,0,0,-1,-1,-1,-1,0,0,0,0,0,0,-1,-1,-1,0,0,0,0,0,-1,0,0,0,0,0,0,0,0,0,0,0,0,0,0,0,0,0,0,0,0,1.0
1,-1,-1,-1,-1,-1,-1,-1,-1,-1,-1,1,-1,-1,1,-1,-1,-1,1,1,1,-1,1,1,-1,-1,-1,-1,1,1,1,-1,1,-1,-1,1,1,1,1,-1,0,-1,1,0,-1,-1,0,0,0,0,0,0,0,0,0,0,0,0,0,0,0,0,0,0,0.0
1,1,1,1,1,1,-1,1,1,1,-1,1,1,1,1,1,1,1,1,1,-1,1,1,1,1,1,1,-1,1,-1,1,1,1,0,-1,-1,-1,-1,-1,1,0,0,-1,-1,0,0,0,0,0,0,0,0,0,0,0,0,0,0,0,0,0,0,0,0,1.0
0,0,0,0,0,0,0,0,0,0,0,0,0,0,0,0,0,0,-1,1,0,0,0,0,0,0,0,-1,1,0,0,0,0,0,1,-1,-1,0,0,0,0,1,0,0,0,0,0,0,0,0,0,0,0,0,0,0,0,0,0,0,0,0,0,0,1.0
1,1,1,1,1,1,1,1,1,1,1,1,1,1,1,1,1,1,1,1,1,-1,1,1,1,1,1,1,-1,-1,1,1,1,-1,1,-1,1,-1,1,1,1,-1,1,1,1,-1,1,1,1,1,1,1,-1,-1,1,1,-1,-1,1,-1,-1,-1,0,0,1.0
1,1,1,1,1,1,1,1,1,1,1,-1,1,1,1,1,1,1,-1,1,1,1,1,1,1,1,1,1,1,1,1,1,1,1,1,-1,-1,1,-1,-1,1,1,-1,0,0,0,0,0,0,0,0,0,0,0,0,0,0,0,0,0,0,0,0,0,1.0
1,1,1,0,0,0,0,0,1,1,1,0,0,0,1,0,1,1,1,-1,-1,-1,-1,0,0,0,-1,-1,-1,-1,0,0,0,-1,-1,-1,-1,0,0,0,0,-1,0,0,0,0,0,0,-1,0,0,0,0,0,0,0,0,0,0,0,0,0,0,0,1.0
0,0,0,1,0,0,0,1,0,0,0,0,1,0,1,0,-1,-1,-1,-1,-1,1,0,0,0,0,0,1,1,-1,0,0,0,0,1,1,-1,0,0,0,0,0,0,0,0,0,0,0,0,0,0,0,0,0,0,0,0,0,0,0,0,0,0,0,1.0
1,1,1,1,1,1,1,1,1,1,1,1,1,1,1,1,1,-1,1,1,-1,1,1,1,1,-1,-1,-1,1,1,1,1,1,-1,-1,1,-1,1,0,1,0,-1,0,0,0,-1,0,0,0,0,0,0,0,0,0,0,0,0,0,0,0,0,0,0,1.0
1,-1,-1,-1,-1,-1,-1,-1,-1,-1,-1,1,-1,-1,-1,-1,-1,-1,1,-1,1,-1,-1,-1,-1,-1,1,-1,-1,1,-1,-1,1,-1,-1,1,1,-1,1,-1,1,1,1,1,-1,1,-1,-1,0,0,1,-1,-1,0,0,-1,0,0,0,0,0,0,0,0,0.0
-1,1,1,1,1,1,1,1,1,1,-1,-1,-1,1,0,1,-1,1,1,-1,-1,-1,1,1,-1,-1,-1,-1,-1,-1,-1,1,-1,-1,-1,-1,-1,0,0,0,0,-1,0,0,0,0,0,0,0,-1,0,0,0,0,0,0,0,0,0,0,0,0,0,0,1.0
1,-1,-1,-1,-1,-1,-1,-1,-1,-1,-1,1,-1,-1,-1,-1,-1,-1,1,-1,1,-1,-1,1,-1,-1,1,-1,-1,1,-1,1,1,-1,-1,1,1,-1,1,1,1,1,-1,0,-1,-1,-1,1,0,0,0,-1,0,0,0,0,0,0,0,0,0,0,0,0,0.0
1,1,1,1,1,1,1,1,1,1,1,1,1,-1,1,1,1,1,1,1,-1,1,-1,1,1,1,-1,-1,-1,-1,-1,1,1,1,-1,-1,-1,-1,-1,1,1,1,1,-1,-1,-1,1,1,-1,-1,-1,-1,1,1,1,1,0,0,-1,0,0,-1,0,0,1.0
1,1,1,1,1,1,1,-1,1,1,1,1,1,1,-1,-1,1,-1,1,1,1,1,-1,-1,1,1,1,1,-1,1,-1,-1,-1,1,1,1,1,1,1,-1,-1,1,1,1,1,1,-1,-1,-1,-1,-1,-1,-1,-1,-1,-1,-1,0,0,0,0,0,0,0,1.0
1,1,1,1,1,1,1,0,0,0,-1,-1,-1,-1,-1,0,0,1,-1,-1,1,0,0,0,0,0,-1,-1,-1,0,0,0,0,0,-1,-1,-1,0,0,0,0,0,0,0,0,0,0,0,0,0,0,0,0,0,0,0,0,0,0,0,0,0,0,0,1.0
0,0,0,0,0,0,0,0,0,0,0,0,0,1,0,0,0,1,0,1,1,0,0,0,0,-1,-1,-1,-1,0,0,0,0,0,0,1,-1,0,0,0,0,0,0,0,0,0,0,0,0,0,0,0,0,0,0,0,0,0,0,0,0,0,0,0,1.0
-1,1,1,1,1,1,1,1,-1,-1,1,1,1,1,-1,1,-1,-1,1,-1,-1,-1,1,1,-1,1,-1,-1,-1,-1,-1,1,1,0,0,-1,-1,-1,0,-1,0,0,-1,0,0,0,0,0,0,0,0,0,0,0,0,0,0,0,0,0,0,0,0,0,1.0
1,1,1,1,1,1,1,-1,1,1,1,1,1,1,-1,-1,1,-1,1,1,1,1,-1,-1,1,1,1,1,-1,1,-1,-1,-1,1,1,1,1,1,1,-1,-1,-1,1,1,1,1,1,-1,-1,1,1,1,1,1,1,-1,-1,-1,-1,-1,-1,-1,-1,-1,1.0
-1,1,1,1,1,1,1,1,-1,1,1,-1,-1,1,1,1,-1,1,1,1,-1,1,1,1,-1,-1,1,-1,1,1,-1,1,-1,-1,1,1,-1,-1,-1,-1,-1,-1,-1,1,0,-1,0,0,-1,-1,0,-1,0,0,0,0,0,0,0,0,0,0,0,0,1.0
1,1,1,1,1,1,1,0,1,1,1,1,1,1,1,-1,1,1,1,1,1,0,1,-1,-1,1,1,1,1,1,1,1,-1,-1,0,-1,-1,-1,0,0,-1,0,-1,-1,0,0,0,0,0,0,0,0,0,0,0,0,0,0,0,0,0,0,0,0,1.0
-1,-1,-1,-1,-1,-1,-1,-1,-1,-1,1,1,-1,1,1,-1,-1,-1,-1,1,-1,1,1,-1,-1,-1,-1,-1,-1,1,1,-1,-1,-1,-1,1,-1,1,1,-1,-1,-1,-1,-1,-1,1,-1,-1,-1,1,1,-1,-1,-1,1,-1,0,0,0,-1,-1,0,0,0,0.0
0,0,0,1,0,0,0,0,-1,-1,-1,-1,-1,1,0,0,0,1,0,-1,-1,0,-1,0,-1,-1,-1,-1,1,-1,0,0,0,0,0,-1,-1,0,0,0,0,0,-1,0,0,0,0,0,0,0,0,0,0,0,0,0,0,0,0,0,0,0,0,0,1.0
1,1,1,1,1,1,1,1,1,1,1,1,1,1,1,1,1,-1,1,1,-1,1,1,1,1,-1,1,-1,1,-1,1,1,1,-1,-1,-1,-1,1,1,1,1,-1,-1,-1,1,1,1,0,0,-1,-1,0,0,0,0,0,0,0,0,0,0,0,0,0,1.0
1,1,1,1,1,1,-1,1,1,1,-1,1,1,-1,-1,0,1,1,1,1,-1,1,-1,0,1,1,1,-1,1,-1,-1,1,1,0,-1,-1,-1,-1,-1,0,0,0,-1,-1,0,0,0,0,0,0,0,0,0,0,0,0,0,0,0,0,0,0,0,0,1.0
0,0,1,1,1,1,1,-1,0,1,1,1,1,-1,-1,-1,0,0,1,-1,-1,-1,-1,0,0,1,0,-1,-1,-1,-1,-1,0,0,-1,-1,-1,0,0,-1,0,0,0,0,0,0,0,0,0,0,0,0,0,0,0,0,0,0,0,0,0,0,0,0,0.0
1,1,1,1,1,1,-1,1,1,1,-1,1,1,1,1,1,1,1,1,1,-1,1,-1,0,1,1,1,-1,1,-1,-1,1,1,0,-1,-1,-1,-1,-1,0,0,0,-1,-1,0,0,0,0,0,0,0,0,0,0,0,0,0,0,0,0,0,0,0,0,1.0
1,1,1,1,1,1,-1,1,1,1,-1,1,1,1,1,1,1,1,-1,1,1,1,1,1,1,1,-1,1,-1,-1,1,1,1,1,-1,1,-1,-1,1,1,0,1,-1,1,-1,1,-1,-1,1,1,1,-1,-1,-1,-1,-1,0,1,1,1,-1,0,0,0,1.0
1,1,1,1,1,1,0,1,0,1,-1,1,1,1,1,0,-1,1,-1,-1,-1,-1,0,0,0,1,-1,-1,-1,-1,-1,0,0,0,1,-1,-1,-1,0,0,0,0,0,-1,0,0,0,0,0,0,0,0,0,0,0,0,0,0,0,0,0,0,0,0,1.0
0,1,1,1,1,0,0,0,-1,-1,-1,-1,0,0,0,0,0,-1,1,-1,0,0,0,0,0,0,-1,-1,-1,0,0,0,0,0,0,-1,-1,-1,0,0,0,0,0,-1,0,0,0,0,0,0,0,0,0,0,0,0,0,0,0,0,0,0,0,0,1.0
1,1,1,1,1,1,1,1,1,1,1,1,1,1,1,1,1,1,1,1,1,-1,1,1,-1,1,1,1,-1,1,-1,1,-1,-1,-1,-1,-1,-1,-1,-1,-1,1,-1,-1,0,0,0,0,0,0,0,0,0,0,0,0,0,0,0,0,0,0,0,0,1.0
1,1,1,1,1,1,1,1,1,1,1,1,1,1,1,1,1,1,1,1,1,-1,1,1,1,1,1,1,1,-1,1,1,1,-1,1,1,-1,1,-1,-1,1,-1,1,1,1,-1,-1,-1,1,1,-1,1,-1,1,0,0,0,-1,0,-1,0,0,0,0,1.0
1,1,1,1,1,1,1,1,1,1,1,-1,1,1,1,1,1,1,-1,1,1,1,1,1,1,1,-1,1,1,1,1,1,1,1,-1,1,-1,1,1,1,1,-1,1,-1,1,-1,1,1,1,1,-1,1,-1,-1,1,1,1,0,-1,0,0,-1,0,0,1.0
-1,1,1,1,1,1,1,1,-1,-1,1,1,1,1,-1,1,-1,-1,-1,1,1,1,-1,1,-1,-1,1,-1,-1,1,-1,1,-1,-1,1,-1,-1,1,-1,1,-1,-1,1,1,-1,1,-1,1,-1,-1,1,1,-1,-1,-1,1,-1,-1,1,-1,-1,0,-1,0,1.0
0,1,1,1,1,0,0,0,0,0,1,1,0,0,0,0,-1,1,1,1,0,0,0,0,-1,-1,-1,-1,-1,-1,0,0,-1,-1,-1,-1,-1,0,0,0,-1,-1,0,0,0,0,0,0,-1,0,0,0,0,0,0,0,0,0,0,0,0,0,0,0,0.0
-1,1,1,1,1,1,1,1,-1,1,1,-1,-1,1,1,1,-1,-1,1,1,-1,1,1,1,-1,-1,-1,-1,-1,-1,1,1,-1,-1,-1,-1,-1,1,1,-1,-1,-1,-1,1,-1,1,-1,-1,-1,-1,-1,-1,-1,-1,0,0,0,0,-1,0,-1,0,0,0,1.0
1,1,1,1,0,-1,1,-1,1,1,1,1,1,1,1,-1,1,-1,1,1,1,1,1,-1,1,1,1,1,-1,-1,-1,-1,-1,-1,1,-1,-1,0,0,0,-1,-1,0,0,-1,0,0,0,-1,0,0,0,0,0,0,0,0,0,0,0,0,0,0,0,1.0
1,1,1,1,1,1,1,1,1,1,1,1,1,1,1,1,1,1,1,1,1,-1,1,1,1,1,1,1,-1,-1,1,1,1,-1,1,-1,1,1,1,-1,1,-1,-1,1,1,1,1,-1,1,-1,-1,1,-1,1,1,0,-1,-1,0,-1,0,0,0,0,1.0
0,0,1,1,1,0,-1,0,0,0,1,-1,0,-1,0,0,0,0,0,1,-1,0,0,0,0,0,0,-1,-1,-1,-1,0,0,0,0,-1,-1,0,0,0,0,0,-1,0,0,0,0,0,0,0,0,0,0,0,0,0,0,0,0,0,0,0,0,0,1.0
1,1,1,1,1,1,-1,1,1,1,-1,1,1,1,1,1,1,1,1,1,-1,1,1,1,1,1,1,-1,1,-1,1,1,1,1,1,1,-1,-1,1,1,0,0,-1,-1,0,-1,0,0,0,0,0,0,0,0,0,0,0,0,0,0,0,0,0,0,1.0
0,0,0,0,0,0,0,0,0,0,0,0,0,1,0,0,0,0,0,1,1,0,0,0,0,0,0,1,-1,0,0,0,0,0,0,-1,-1,0,0,0,0,0,-1,0,0,0,0,0,0,0,0,0,0,0,0,0,0,0,0,0,0,0,0,0,1.0
0,0,0,0,0,1,0,0,0,0,-1,0,1,1,1,0,0,0,-1,-1,-1,0,1,0,0,0,0,-1,-1,1,1,0,0,0,-1,-1,-1,0,0,0,0,0,0,0,0,0,0,0,0,0,0,0,0,0,0,0,0,0,0,0,0,0,0,0,0.0
1,1,1,1,1,1,1,1,1,1,1,1,1,1,1,1,1,-1,1,1,1,1,1,1,1,-1,1,1,1,-1,1,1,1,1,1,1,-1,1,1,1,1,1,1,1,-1,1,-1,-1,1,1,1,1,-1,-1,0,0,0,0,0,0,-1,0,0,0,1.0
1,1,1,1,1,1,1,-1,1,1,1,1,1,1,-1,-1,1,-1,1,1,1,-1,1,-1,1,1,1,1,-1,1,-1,-1,-1,-1,1,-1,1,1,0,0,-1,-1,-1,0,-1,0,0,0,-1,0,0,0,0,0,0,0,0,0,0,0,0,0,0,0,1.0
-1,1,1,1,1,0,0,0,0,1,0,1,0,1,0,0,-1,1,-1,-1,-1,-1,0,0,0,1,0,-1,-1,0,0,0,0,1,-1,-1,-1,0,0,0,0,1,0,0,0,0,0,0,0,0,0,0,0,0,0,0,0,0,0,0,0,0,0,0,1.0
-1,0,1,1,1,0,0,0,0,-1,0,1,0,1,0,0,-1,1,-1,-1,1,0,0,0,0,1,0,-1,-1,0,0,0,0,1,-1,-1,-1,0,0,0,0,1,0,0,0,0,0,0,0,0,0,0,0,0,0,0,0,0,0,0,0,0,0,0,1.0
0,0,0,0,0,0,0,0,0,0,0,1,0,0,0,0,0,0,1,1,0,0,0,0,0,1,0,-1,1,0,0,0,0,1,-1,-1,-1,0,0,0,0,-1,0,0,0,0,0,0,-1,0,0,0,0,0,0,0,0,0,0,0,0,0,0,0,0.0
1,1,1,1,1,1,1,-1,1,1,1,1,1,1,-1,-1,1,-1,1,1,1,1,-1,-1,1,1,1,1,-1,1,-1,-1,-1,1,1,-1,1,-1,1,-1,-1,1,-1,-1,-1,-1,-1,-1,-1,-1,-1,0,0,0,0,-1,-1,0,0,0,0,0,0,0,1.0
0,0,0,1,0,-1,0,0,-1,1,0,0,-1,1,0,0,0,1,0,-1,-1,1,0,0,1,1,-1,1,-1,0,0,0,0,0,0,-1,-1,0,0,0,0,0,0,0,-1,0,0,0,0,0,0,0,0,0,0,0,0,0,0,0,0,0,0,0,1.0
1,1,1,1,1,1,1,-1,1,1,1,1,1,1,-1,-1,1,-1,1,1,1,1,-1,-1,1,1,1,1,-1,1,-1,-1,-1,-1,1,1,1,-1,-1,-1,-1,-1,-1,-1,-1,-1,-1,0,-1,0,-1,0,0,0,0,0,0,0,0,0,0,0,0,0,1.0
-1,1,0,1,1,1,0,0,-1,-1,1,-1,1,1,1,0,-1,-1,-1,-1,-1,-1,-1,0,-1,-1,-1,-1,1,-1,0,0,0,0,0,-1,-1,0,0,0,0,0,-1,0,0,0,0,0,0,0,0,0,0,0,0,0,0,0,0,0,0,0,0,0,1.0
0,0,0,0,0,0,0,0,-1,0,0,0,0,1,0,0,0,-1,0,1,1,0,0,0,0,0,-1,1,1,1,0,0,0,0,0,-1,-1,0,0,0,0,0,-1,0,0,0,0,0,0,0,0,0,0,0,0,0,0,0,0,0,0,0,0,0,1.0
1,-1,-1,-1,-1,-1,-1,-1,-1,-1,-1,1,-1,-1,-1,-1,-1,-1,-1,-1,1,-1,-1,-1,-1,-1,1,-1,-1,1,-1,-1,-1,-1,-1,-1,-1,-1,1,-1,-1,1,-1,-1,-1,-1,-1,-1,-1,1,1,-1,-1,-1,1,-1,-1,1,0,0,-1,-1,1,-1,0.0
1,1,1,1,1,1,-1,1,1,1,-1,1,1,-1,1,0,-1,1,1,1,-1,1,1,0,-1,1,1,-1,1,1,1,1,0,0,-1,-1,-1,-1,0,0,0,0,-1,-1,0,0,0,0,0,0,0,0,0,0,0,0,0,0,0,0,0,0,0,0,1.0
1,1,1,1,0,-1,0,-1,1,1,1,1,1,1,-1,-1,1,-1,1,1,1,1,1,-1,1,1,1,1,-1,-1,-1,-1,-1,-1,1,-1,-1,0,0,0,1,-1,0,0,-1,0,0,0,0,0,0,0,0,0,0,0,0,0,0,0,0,0,0,0,1.0
1,1,1,1,1,1,1,1,1,1,1,1,1,1,1,1,1,-1,1,-1,-1,1,1,1,1,-1,-1,-1,-1,-1,-1,-1,1,-1,-1,-1,-1,0,0,0,0,0,0,0,0,0,0,0,0,0,0,0,0,0,0,0,0,0,0,0,0,0,0,0,1.0
0,0,0,0,0,0,0,0,0,0,0,0,-1,1,0,0,0,1,0,1,-1,1,0,0,1,1,1,1,-1,0,0,0,0,0,0,-1,-1,0,0,0,0,0,0,0,-1,0,0,0,0,0,0,0,0,0,0,0,0,0,0,0,0,0,0,0,1.0
1,1,1,1,1,1,1,-1,1,1,1,1,1,1,-1,-1,1,-1,1,1,1,1,-1,-1,1,1,1,1,-1,1,-1,-1,-1,-1,1,1,1,-1,1,-1,-1,-1,-1,-1,-1,-1,-1,-1,-1,0,-1,0,0,0,0,-1,0,0,0,0,0,0,0,0,1.0
1,1,1,1,1,1,1,0,0,0,-1,-1,1,1,-1,0,0,-1,-1,-1,1,1,0,0,-1,0,-1,-1,-1,0,0,0,0,0,-1,-1,-1,0,0,0,0,0,0,0,0,0,0,0,0,0,0,0,0,0,0,0,0,0,0,0,0,0,0,0,1.0
1,1,1,1,1,0,0,0,-1,-1,-1,-1,-1,-1,0,0,0,-1,-1,-1,0,0,0,0,0,-1,-1,-1,-1,0,0,0,0,0,0,-1,-1,-1,0,0,0,0,0,-1,0,0,0,0,0,0,0,0,0,0,0,0,0,0,0,0,0,0,0,0,1.0
-1,1,1,1,1,1,1,1,-1,1,1,-1,-1,1,1,1,-1,-1,1,1,-1,1,1,1,-1,-1,-1,-1,1,-1,1,1,-1,-1,1,-1,1,1,-1,-1,-1,-1,-1,-1,-1,-1,-1,-1,-1,-1,0,-1,0,-1,0,0,0,0,0,0,0,0,0,0,1.0
0,0,0,0,0,0,0,0,0,0,0,0,0,1,0,0,0,1,0,1,1,1,0,0,0,-1,-1,-1,1,0,0,0,0,0,0,-1,-1,0,0,0,0,0,0,0,-1,0,0,0,0,0,0,0,0,0,0,0,0,0,0,0,0,0,0,0,1.0
1,1,1,1,1,1,1,1,1,1,1,1,1,1,1,1,1,-1,1,1,1,1,1,1,1,-1,1,1,1,-1,1,1,1,1,1,1,-1,1,-1,1,1,1,1,1,1,-1,-1,-1,1,1,1,1,0,-1,0,0,0,0,0,0,0,0,0,0,1.0
1,1,1,0,0,0,0,0,0,-1,1,0,0,0,1,0,0,-1,1,-1,0,1,-1,0,0,0,-1,-1,-1,-1,0,0,0,-1,-1,-1,-1,0,0,0,0,1,0,0,0,0,0,0,0,0,0,0,0,0,0,0,0,0,0,0,0,0,0,0,1.0
0,0,0,0,0,0,0,0,0,0,0,0,0,0,0,0,0,0,0,1,0,-1,0,0,0,0,0,1,-1,0,0,0,0,0,1,-1,-1,0,0,0,0,1,0,0,0,0,0,0,0,0,0,0,0,0,0,0,0,0,0,0,0,0,0,0,1.0
1,1,1,1,1,1,1,1,1,1,1,-1,1,1,1,1,1,1,1,1,-1,-1,-1,1,0,-1,1,-1,-1,-1,-1,0,0,0,0,-1,-1,0,0,0,0,0,-1,0,0,0,0,0,0,0,0,0,0,0,0,0,0,0,0,0,0,0,0,0,1.0
0,1,0,1,-1,0,0,0,-1,1,1,-1,-1,-1,0,0,0,1,0,1,-1,0,-1,0,-1,-1,-1,-1,1,-1,0,0,0,0,0,-1,-1,0,0,0,0,0,-1,0,0,0,0,0,0,0,0,0,0,0,0,0,0,0,0,0,0,0,0,0,1.0
1,1,1,1,1,1,1,0,1,1,1,1,1,1,1,-1,1,1,1,1,1,0,1,-1,-1,1,1,-1,-1,-1,-1,0,1,-1,0,-1,-1,-1,0,0,0,0,-1,-1,0,0,0,0,0,0,0,0,0,0,0,0,0,0,0,0,0,0,0,0,1.0
1,1,1,1,1,1,1,-1,1,1,1,1,1,1,1,-1,1,-1,1,1,1,1,1,-1,1,1,1,1,-1,-1,-1,-1,-1,-1,1,-1,-1,0,0,0,-1,-1,0,0,-1,0,0,0,-1,0,0,0,0,0,0,0,0,0,0,0,0,0,0,0,1.0
1,1,1,0,0,0,0,0,1,1,1,0,0,0,1,0,0,-1,1,-1,0,1,-1,0,0,0,-1,-1,-1,-1,0,0,0,-1,-1,-1,-1,0,0,0,0,-1,0,0,0,0,0,0,-1,0,0,0,0,0,0,0,0,0,0,0,0,0,0,0,1.0
-1,1,0,1,1,1,0,0,-1,-1,1,-1,1,1,1,0,0,1,-1,-1,-1,0,-1,0,-1,-1,-1,-1,1,-1,0,0,0,0,0,-1,-1,0,0,0,0,0,-1,0,0,0,0,0,0,0,0,0,0,0,0,0,0,0,0,0,0,0,0,0,1.0
0,0,0,0,0,0,0,0,0,0,0,0,0,0,0,0,0,0,-1,1,0,0,0,0,0,1,0,-1,1,0,0,0,0,1,-1,-1,-1,0,0,0,0,1,0,0,0,0,0,0,0,0,0,0,0,0,0,0,0,0,0,0,0,0,0,0,0.0
1,1,1,1,1,1,1,1,1,1,1,1,1,1,1,1,1,-1,1,1,1,1,1,1,1,-1,1,1,1,-1,1,1,1,1,1,1,-1,1,1,1,1,1,1,1,-1,1,1,-1,1,1,1,1,1,-1,1,0,0,0,0,0,-1,0,-1,0,1.0
-1,1,1,1,1,1,1,1,0,1,-1,1,0,1,0,0,-1,1,1,-1,-1,-1,-1,-1,0,1,0,-1,-1,0,0,0,0,1,-1,-1,-1,0,0,0,0,1,0,0,0,0,0,0,0,0,0,0,0,0,0,0,0,0,0,0,0,0,0,0,1.0
1,1,1,1,1,1,1,1,1,1,1,1,1,-1,1,1,1,1,1,1,-1,1,-1,1,1,1,-1,-1,-1,-1,1,1,1,1,-1,1,-1,1,-1,1,1,1,1,-1,-1,-1,0,-1,-1,0,-1,0,-1,0,0,0,0,0,0,0,0,0,0,0,1.0
1,1,1,1,1,1,1,1,0,0,-1,1,-1,-1,-1,-1,0,0,-1,-1,-1,0,0,0,0,0,0,-1,-1,-1,-1,0,0,0,0,-1,-1,0,0,0,0,0,-1,0,0,0,0,0,0,0,0,0,0,0,0,0,0,0,0,0,0,0,0,0,1.0
1,1,1,1,1,1,1,0,1,1,1,1,1,1,1,-1,1,1,1,1,1,0,1,-1,0,-1,-1,-1,-1,-1,-1,0,0,0,0,-1,-1,-1,0,0,0,0,0,-1,0,0,0,0,0,0,0,0,0,0,0,0,0,0,0,0,0,0,0,0,1.0
1,1,1,1,1,1,1,1,1,1,1,-1,1,1,1,1,1,1,-1,1,1,1,1,1,1,1,-1,-1,1,1,1,1,1,1,-1,-1,-1,1,1,1,1,1,1,-1,-1,-1,1,1,0,1,-1,0,-1,-1,-1,0,0,0,0,0,0,0,0,0,1.0
-1,1,1,1,1,1,1,1,0,1,-1,1,0,1,0,1,-1,-1,1,-1,1,1,1,-1,-1,1,1,1,1,1,0,0,-1,-1,-1,-1,-1,0,0,0,0,-1,0,0,0,0,0,0,0,-1,0,0,0,0,0,0,0,0,0,0,0,0,0,0,1.0
0,0,0,0,0,0,0,0,0,0,0,0,0,0,1,0,0,0,0,1,0,1,-1,0,0,0,-1,-1,-1,-1,0,0,0,0,1,-1,-1,0,0,0,0,1,0,0,0,0,0,0,0,0,0,0,0,0,0,0,0,0,0,0,0,0,0,0,1.0
1,1,1,1,1,1,-1,1,1,1,-1,1,1,1,1,1,1,1,1,1,-1,1,1,1,1,1,1,-1,-1,-1,1,1,1,1,1,1,-1,1,1,1,0,0,-1,-1,-1,-1,0,0,0,0,0,0,-1,0,0,0,0,0,0,0,0,0,0,0,1.0
0,-1,1,1,1,0,-1,0,0,0,-1,1,1,1,1,0,0,0,-1,-1,-1,0,0,0,0,0,0,-1,-1,-1,-1,0,0,0,0,-1,-1,0,0,0,0,0,-1,0,0,0,0,0,0,0,0,0,0,0,0,0,0,0,0,0,0,0,0,0,1.0
0,0,0,0,0,0,0,0,0,0,0,0,0,0,0,0,0,0,0,1,0,0,0,0,0,0,0,1,1,0,0,0,0,-1,-1,-1,-1,0,0,0,0,1,0,0,0,0,0,0,0,0,0,0,0,0,0,0,0,0,0,0,0,0,0,0,0.0
0,0,0,-1,0,0,0,0,0,0,0,-1,0,0,0,0,0,0,1,-1,0,0,0,0,0,1,1,-1,1,0,0,0,0,1,-1,-1,-1,0,0,0,0,-1,0,0,0,0,0,0,-1,0,0,0,0,0,0,0,0,0,0,0,0,0,0,0,0.0
0,0,1,1,1,1,1,0,0,0,0,-1,-1,1,0,0,0,1,-1,-1,1,0,0,0,0,0,-1,-1,-1,0,0,0,0,0,-1,-1,-1,0,0,0,0,0,0,0,0,0,0,0,0,0,0,0,0,0,0,0,0,0,0,0,0,0,0,0,1.0
1,1,1,1,1,1,1,1,1,1,1,1,1,1,1,1,1,1,1,1,1,-1,1,1,1,1,1,1,-1,-1,1,1,1,-1,1,-1,1,-1,1,1,1,-1,1,1,1,-1,1,1,1,1,1,1,-1,1,-1,1,-1,-1,-1,-1,-1,-1,-1,-1,1.0
1,1,1,1,1,1,1,1,1,1,1,1,1,1,1,1,1,1,1,1,1,-1,1,1,1,1,1,1,1,-1,1,1,1,-1,1,1,1,1,-1,-1,1,-1,-1,-1,-1,-1,-1,-1,1,-1,0,0,0,0,0,0,0,0,0,0,0,0,0,0,1.0
1,1,1,1,1,1,1,1,0,1,1,1,1,1,1,1,-1,-1,1,-1,-1,1,1,1,-1,-1,-1,-1,-1,-1,-1,-1,1,-1,-1,-1,-1,0,0,0,0,0,0,0,0,0,0,0,0,0,0,0,0,0,0,0,0,0,0,0,0,0,0,0,1.0
1,1,1,1,1,1,1,1,1,1,1,-1,1,1,1,1,1,1,-1,-1,-1,-1,-1,1,0,-1,0,-1,-1,-1,-1,0,0,0,0,-1,-1,0,0,0,0,0,-1,0,0,0,0,0,0,0,0,0,0,0,0,0,0,0,0,0,0,0,0,0,1.0
1,1,1,1,1,1,1,1,0,0,-1,-1,1,1,1,0,0,-1,-1,-1,-1,1,0,0,-1,0,-1,-1,-1,-1,0,0,0,0,-1,-1,-1,0,0,0,0,0,0,0,0,0,0,0,0,0,0,0,0,0,0,0,0,0,0,0,0,0,0,0,1.0
1,1,1,1,1,1,1,1,1,1,1,1,1,-1,1,1,1,1,1,1,-1,-1,-1,1,0,0,-1,-1,1,-1,1,-1,0,-1,-1,-1,-1,-1,0,0,0,-1,0,0,0,-1,0,0,-1,0,0,0,0,0,0,0,0,0,0,0,0,0,0,0,1.0
-1,-1,-1,-1,-1,-1,-1,-1,-1,-1,1,1,1,1,1,-1,-1,-1,-1,1,1,1,-1,-1,-1,-1,-1,-1,1,1,-1,-1,-1,-1,-1,-1,-1,1,1,1,-1,-1,-1,-1,-1,-1,-1,1,-1,0,-1,-1,0,-1,0,0,0,0,0,0,0,0,0,0,0.0
0,0,1,1,1,1,1,0,0,0,-1,-1,1,-1,1,-1,0,0,-1,-1,-1,-1,1,0,0,0,0,-1,-1,-1,-1,0,0,0,-1,-1,-1,0,0,-1,0,0,0,0,0,0,0,0,0,0,0,0,0,0,0,0,0,0,0,0,0,0,0,0,0.0
-1,1,1,1,1,1,1,1,-1,-1,1,1,1,1,-1,1,-1,-1,-1,1,1,-1,-1,1,-1,-1,1,1,-1,-1,-1,1,-1,-1,1,-1,1,-1,-1,1,-1,-1,-1,1,-1,-1,-1,1,-1,-1,1,-1,0,0,0,0,-1,-1,0,0,0,0,0,0,1.0
0,0,1,1,1,0,-1,0,0,0,1,1,1,-1,0,0,0,0,-1,-1,-1,0,0,0,0,0,0,-1,-1,-1,-1,0,0,0,0,-1,-1,0,0,0,0,0,-1,0,0,0,0,0,0,0,0,0,0,0,0,0,0,0,0,0,0,0,0,0,1.0
1,1,1,1,1,1,1,1,1,1,1,1,1,1,1,1,1,-1,1,1,1,1,1,1,1,-1,1,1,1,-1,1,1,1,1,1,1,-1,1,1,1,1,1,1,1,-1,-1,1,1,1,1,1,1,1,-1,-1,1,0,0,0,0,-1,0,-1,-1,1.0
1,1,1,1,1,1,1,-1,1,1,1,1,1,1,-1,-1,1,-1,1,1,1,1,-1,-1,1,1,1,1,-1,1,-1,-1,-1,1,1,1,1,1,1,-1,-1,-1,1,1,1,1,-1,-1,-1,1,-1,-1,-1,-1,-1,-1,-1,1,0,-1,0,0,0,0,1.0
1,-1,-1,-1,-1,-1,-1,-1,-1,-1,-1,1,-1,-1,-1,-1,-1,-1,1,-1,1,-1,-1,1,-1,-1,1,-1,-1,1,-1,1,1,-1,-1,1,-1,-1,1,1,1,1,1,-1,-1,1,1,1,0,0,0,-1,-1,0,0,0,0,0,0,0,0,0,0,0,0.0
1,1,1,1,1,1,1,1,1,1,1,-1,1,1,1,1,1,1,-1,1,-1,1,1,1,1,1,-1,-1,1,1,1,1,-1,-1,-1,-1,-1,1,-1,-1,0,0,-1,0,0,0,0,0,0,0,0,0,0,0,0,0,0,0,0,0,0,0,0,0,1.0
1,-1,-1,-1,-1,-1,-1,-1,-1,-1,-1,1,-1,-1,1,-1,-1,-1,1,1,-1,-1,1,1,-1,-1,-1,-1,1,-1,1,-1,1,1,1,1,-1,-1,0,-1,0,0,1,0,-1,-1,0,0,0,0,0,0,0,0,0,0,0,0,0,0,0,0,0,0,0.0
-1,-1,-1,-1,-1,-1,-1,-1,-1,-1,1,1,-1,1,1,-1,-1,-1,-1,1,-1,1,1,-1,-1,-1,-1,-1,-1,1,1,-1,-1,-1,-1,1,-1,1,1,-1,-1,-1,-1,-1,1,1,-1,-1,-1,-1,-1,1,-1,1,1,-1,-1,-1,1,1,1,1,0,0,0.0
0,1,1,1,1,1,-1,-1,1,1,1,1,1,1,1,-1,-1,-1,1,1,-1,1,-1,-1,-1,-1,-1,1,-1,-1,-1,-1,-1,-1,-1,1,-1,-1,-1,1,-1,-1,-1,-1,0,0,0,0,-1,0,-1,-1,0,0,0,0,0,0,0,0,0,0,0,0,0.0
1,1,1,1,1,1,1,1,-1,-1,-1,-1,-1,-1,-1,-1,0,0,-1,-1,-1,0,0,0,0,0,0,-1,-1,-1,-1,0,0,0,0,-1,-1,0,0,0,0,0,-1,0,0,0,0,0,0,0,0,0,0,0,0,0,0,0,0,0,0,0,0,0,1.0
-1,1,1,1,1,1,1,1,-1,-1,1,1,1,1,-1,1,-1,-1,-1,1,1,-1,1,1,-1,-1,1,-1,-1,-1,1,1,-1,-1,-1,1,-1,-1,1,1,-1,-1,-1,-1,0,-1,0,1,0,0,0,0,0,0,0,0,0,0,0,0,0,0,0,0,1.0
1,1,1,1,1,1,1,1,0,1,1,1,1,1,1,0,0,-1,-1,-1,-1,-1,-1,0,-1,0,-1,-1,-1,-1,0,0,0,0,-1,-1,-1,0,0,0,0,0,0,0,0,0,0,0,0,0,0,0,0,0,0,0,0,0,0,0,0,0,0,0,1.0
-1,1,1,1,1,1,1,1,-1,-1,1,1,1,1,-1,1,-1,-1,-1,1,1,-1,-1,1,-1,-1,1,1,1,-1,-1,1,-1,-1,1,1,1,-1,-1,1,-1,-1,1,-1,-1,-1,-1,1,1,-1,0,-1,0,0,0,0,0,-1,0,0,0,0,0,0,1.0
0,-1,-1,-1,-1,-1,-1,-1,0,1,-1,1,1,-1,1,-1,0,0,1,-1,1,1,1,1,0,1,0,-1,-1,-1,-1,-1,0,0,-1,-1,-1,0,0,-1,0,0,0,0,0,0,0,0,0,0,0,0,0,0,0,0,0,0,0,0,0,0,0,0,0.0
1,1,1,1,1,-1,0,0,1,1,1,1,-1,1,1,0,1,-1,-1,-1,0,0,0,0,0,-1,-1,-1,-1,0,0,0,0,0,0,-1,-1,-1,0,0,0,0,0,-1,0,0,0,0,0,0,0,0,0,0,0,0,0,0,0,0,0,0,0,0,1.0
0,0,0,1,0,0,0,0,-1,0,0,0,1,1,0,0,0,-1,0,1,-1,1,0,0,1,1,-1,1,-1,0,0,0,0,0,0,-1,-1,0,0,0,0,0,0,0,-1,0,0,0,0,0,0,0,0,0,0,0,0,0,0,0,0,0,0,0,1.0
1,1,1,1,1,1,1,1,1,1,1,1,1,1,1,1,1,1,1,1,1,-1,1,1,-1,1,1,1,1,-1,1,1,-1,-1,-1,1,1,-1,-1,-1,-1,-1,-1,-1,-1,-1,0,0,0,0,0,0,0,0,0,0,0,0,0,0,0,0,0,0,1.0
0,0,0,0,0,0,0,0,0,0,0,0,0,0,0,0,0,0,0,1,0,-1,-1,0,0,0,0,1,1,-1,0,0,0,0,1,-1,-1,0,0,0,0,1,0,0,0,0,0,0,0,0,0,0,0,0,0,0,0,0,0,0,0,0,0,0,1.0
1,-1,-1,-1,-1,-1,-1,-1,0,1,-1,1,1,-1,1,-1,0,-1,1,1,1,1,1,1,0,-1,-1,-1,-1,-1,-1,-1,0,-1,-1,-1,-1,0,0,-1,0,0,0,0,0,0,0,0,0,0,0,0,0,0,0,0,0,0,0,0,0,0,0,0,0.0
1,1,1,1,1,1,1,1,1,1,1,1,1,1,1,1,1,-1,1,1,-1,1,1,1,1,-1,-1,-1,1,1,1,-1,1,-1,-1,1,1,1,0,0,0,-1,0,0,0,0,0,0,0,0,0,0,0,0,0,0,0,0,0,0,0,0,0,0,1.0
1,1,1,1,1,1,1,0,1,1,1,1,1,1,1,-1,1,1,1,1,1,0,1,-1,-1,-1,-1,-1,-1,-1,-1,0,1,0,0,-1,-1,-1,0,0,0,0,0,-1,0,0,0,0,0,0,0,0,0,0,0,0,0,0,0,0,0,0,0,0,1.0
1,1,1,1,1,0,0,0,1,1,-1,-1,-1,-1,0,0,1,-1,-1,-1,0,0,0,0,0,-1,-1,-1,-1,0,0,0,0,0,0,-1,-1,-1,0,0,0,0,0,-1,0,0,0,0,0,0,0,0,0,0,0,0,0,0,0,0,0,0,0,0,1.0
-1,-1,-1,-1,-1,-1,-1,-1,-1,-1,1,1,1,1,1,-1,-1,-1,-1,1,1,1,-1,-1,-1,-1,-1,-1,1,1,-1,-1,-1,-1,-1,1,-1,1,1,-1,-1,-1,1,-1,-1,-1,-1,-1,-1,1,-1,-1,0,-1,0,-1,0,0,0,0,0,0,0,0,0.0
0,0,0,0,0,0,0,0,0,0,0,0,0,0,0,0,0,1,1,1,1,1,0,0,0,0,0,-1,-1,-1,0,0,0,0,0,1,-1,0,0,0,0,0,0,0,0,0,0,0,0,0,0,0,0,0,0,0,0,0,0,0,0,0,0,0,1.0
1,-1,-1,-1,-1,-1,-1,-1,-1,-1,-1,1,-1,-1,-1,-1,-1,-1,1,-1,1,-1,-1,-1,-1,-1,1,1,-1,1,-1,-1,1,-1,-1,-1,1,-1,1,-1,1,1,-1,-1,1,-1,-1,-1,1,1,1,1,-1,-1,0,-1,0,0,0,0,0,-1,0,0,0.0
0,0,0,0,1,0,0,0,0,-1,0,1,0,0,0,0,0,1,-1,-1,0,0,0,0,0,0,1,-1,1,0,0,0,0,0,0,-1,-1,0,0,0,0,0,0,-1,0,0,0,0,0,0,0,0,0,0,0,0,0,0,0,0,0,0,0,0,1.0
0,0,0,0,0,0,0,0,0,0,0,0,0,0,0,0,0,1,1,1,-1,0,0,0,0,0,0,-1,-1,0,0,0,0,0,0,1,-1,0,0,0,0,0,0,0,0,0,0,0,0,0,0,0,0,0,0,0,0,0,0,0,0,0,0,0,1.0
1,-1,-1,-1,-1,-1,-1,-1,-1,-1,-1,1,-1,-1,-1,-1,-1,-1,-1,-1,1,-1,-1,-1,-1,-1,1,-1,-1,1,-1,-1,-1,-1,-1,-1,-1,-1,1,-1,-1,1,-1,-1,1,-1,1,-1,-1,1,1,1,1,1,-1,-1,-1,1,0,0,0,-1,0,-1,0.0
0,0,1,1,1,1,0,0,0,0,-1,-1,1,-1,-1,-1,0,0,-1,-1,-1,-1,-1,0,0,0,0,-1,-1,-1,1,0,0,0,-1,-1,-1,0,0,0,0,0,0,0,0,0,0,0,0,0,0,0,0,0,0,0,0,0,0,0,0,0,0,0,0.0
0,0,0,0,1,0,0,0,0,0,0,1,0,1,0,0,0,1,1,-1,1,0,0,0,0,0,0,1,-1,0,0,0,0,-1,-1,-1,-1,0,0,0,0,1,0,0,0,0,0,0,0,0,0,0,0,0,0,0,0,0,0,0,0,0,0,0,1.0
0,0,0,0,0,0,0,0,0,0,0,0,0,1,0,0,0,0,0,1,1,0,-1,0,0,0,0,1,1,-1,0,0,0,0,-1,-1,-1,0,0,0,0,0,0,0,0,0,0,0,0,0,0,0,0,0,0,0,0,0,0,0,0,0,0,0,0.0
1,1,1,1,1,1,-1,1,1,1,-1,1,1,1,1,1,1,1,1,1,1,1,1,1,1,1,1,1,-1,-1,1,1,1,1,1,1,-1,-1,1,1,0,1,1,1,1,-1,1,-1,1,1,0,0,-1,-1,0,0,0,0,0,0,0,0,0,0,1.0
1,1,1,1,1,1,1,1,1,1,1,-1,1,1,1,1,1,1,-1,1,-1,1,1,1,1,1,1,-1,1,1,1,1,1,1,-1,-1,-1,1,-1,-1,1,0,-1,0,0,0,0,0,0,0,0,0,0,0,0,0,0,0,0,0,0,0,0,0,1.0
0,0,0,0,0,0,0,0,0,0,0,-1,0,0,0,0,0,1,1,-1,0,0,0,0,0,0,1,-1,1,0,0,0,0,0,0,-1,-1,0,0,0,0,0,0,-1,0,0,0,0,0,0,0,0,0,0,0,0,0,0,0,0,0,0,0,0,1.0
1,-1,-1,-1,-1,-1,-1,-1,-1,-1,-1,1,-1,-1,-1,-1,-1,-1,1,-1,1,-1,-1,-1,-1,-1,1,1,-1,1,-1,-1,-1,-1,-1,-1,1,-1,1,-1,-1,1,-1,-1,1,1,1,-1,-1,-1,1,1,1,1,1,-1,-1,0,0,0,0,-1,0,0,0.0
1,1,1,1,1,1,-1,1,1,1,-1,1,1,1,1,1,1,1,-1,1,1,1,1,1,1,1,-1,1,-1,-1,1,1,1,1,-1,1,-1,-1,1,1,0,1,-1,-1,1,1,-1,-1,1,1,-1,0,1,-1,-1,-1,0,0,0,1,0,0,0,0,1.0
0,0,1,1,1,0,-1,0,0,0,0,-1,0,-1,0,0,0,0,0,-1,-1,0,0,0,0,0,0,-1,1,1,0,0,0,0,0,-1,-1,0,0,0,0,0,-1,0,0,0,0,0,0,0,0,0,0,0,0,0,0,0,0,0,0,0,0,0,1.0
1,1,1,1,1,1,1,1,1,1,1,1,1,1,1,1,1,1,1,1,1,-1,1,1,-1,1,1,1,-1,1,-1,1,-1,-1,0,-1,-1,-1,-1,-1,-1,0,-1,-1,0,0,0,0,0,0,0,0,0,0,0,0,0,0,0,0,0,0,0,0,1.0
0,0,0,-1,1,0,0,0,0,0,0,-1,0,1,0,0,0,1,1,-1,1,0,0,0,0,1,0,1,-1,0,0,0,0,1,-1,-1,-1,0,0,0,0,1,0,0,0,0,0,0,0,0,0,0,0,0,0,0,0,0,0,0,0,0,0,0,1.0
1,1,1,1,1,1,1,1,1,1,1,1,1,1,1,1,1,-1,1,1,1,1,1,1,1,-1,1,1,1,-1,1,1,1,-1,1,1,-1,1,1,1,1,-1,1,-1,-1,1,1,1,1,-1,-1,1,1,1,1,1,0,-1,-1,1,1,1,-1,-1,1.0
1,-1,0,1,0,0,0,1,0,1,0,0,1,0,1,0,-1,-1,1,-1,-1,1,0,0,0,0,0,-1,1,-1,0,0,0,0,1,-1,-1,0,0,0,0,0,0,-1,0,0,0,0,0,0,0,0,0,0,0,0,0,0,0,0,0,0,0,0,1.0
0,1,0,1,1,1,0,0,-1,1,1,-1,1,-1,0,0,0,1,-1,-1,-1,0,-1,0,-1,-1,-1,-1,1,-1,0,0,0,0,0,-1,-1,0,0,0,0,0,-1,0,0,0,0,0,0,0,0,0,0,0,0,0,0,0,0,0,0,0,0,0,1.0
0,1,0,1,0,-1,0,0,-1,1,-1,1,1,1,0,0,0,1,-1,-1,-1,1,0,0,1,1,-1,-1,-1,0,0,0,0,0,0,-1,-1,0,0,0,0,0,0,0,-1,0,0,0,0,0,0,0,0,0,0,0,0,0,0,0,0,0,0,0,1.0
0,1,1,1,1,0,0,-1,1,1,1,1,0,1,-1,1,-1,-1,-1,1,0,-1,0,0,-1,-1,-1,-1,-1,1,0,0,-1,-1,-1,-1,-1,1,0,0,-1,-1,0,0,0,0,0,0,-1,0,0,0,0,0,0,0,0,0,0,0,0,0,0,0,0.0
1,1,0,1,0,-1,0,0,1,1,-1,1,1,1,0,0,1,-1,-1,1,1,1,0,0,1,-1,1,1,1,1,0,0,-1,1,0,-1,-1,0,0,0,1,0,0,0,-1,0,0,0,0,0,0,0,0,0,0,0,0,0,0,0,0,0,0,0,1.0
1,1,1,1,1,1,1,1,1,1,1,1,1,-1,1,1,1,1,1,1,-1,1,-1,1,1,1,-1,-1,-1,-1,-1,1,1,1,-1,-1,-1,1,-1,1,1,1,1,1,1,-1,-1,-1,-1,-1,-1,1,-1,0,-1,0,0,0,0,0,0,0,0,0,1.0
1,1,1,1,1,1,1,1,1,1,1,-1,1,1,1,1,1,1,-1,1,1,1,1,1,1,1,-1,-1,1,1,1,1,1,1,-1,1,-1,1,1,1,1,1,-1,-1,1,-1,1,1,0,0,-1,0,-1,0,-1,0,0,0,0,0,0,0,0,0,1.0
1,1,1,1,1,1,1,0,1,1,1,1,1,1,1,-1,1,1,1,1,1,0,-1,0,0,-1,-1,-1,-1,-1,0,0,0,0,0,-1,-1,-1,0,0,0,0,0,-1,0,0,0,0,0,0,0,0,0,0,0,0,0,0,0,0,0,0,0,0,1.0
1,1,1,1,1,1,1,1,1,1,1,1,1,1,1,1,1,-1,1,1,1,1,1,1,1,-1,1,1,1,-1,1,1,1,-1,1,-1,-1,-1,1,1,1,1,-1,-1,-1,-1,1,0,1,-1,-1,0,0,-1,0,0,0,0,0,0,0,0,0,0,1.0
0,0,0,0,0,1,0,0,0,0,-1,-1,-1,-1,-1,-1,0,0,-1,-1,1,0,-1,0,0,0,0,-1,-1,-1,1,0,0,0,-1,-1,-1,0,0,0,0,0,0,0,0,0,0,0,0,0,0,0,0,0,0,0,0,0,0,0,0,0,0,0,0.0
0,1,1,1,1,0,0,0,0,-1,1,1,0,1,0,0,-1,-1,-1,1,0,1,0,0,-1,-1,-1,-1,-1,1,0,0,-1,-1,-1,-1,-1,1,0,0,-1,-1,0,0,0,0,0,0,-1,0,0,0,0,0,0,0,0,0,0,0,0,0,0,0,0.0
1,1,1,1,1,1,1,1,1,1,1,-1,1,1,1,1,1,1,-1,1,1,1,1,1,1,1,-1,1,1,1,1,1,1,1,-1,1,-1,1,1,1,1,-1,-1,1,1,-1,1,1,-1,-1,-1,1,1,1,1,1,0,0,-1,0,0,0,0,0,1.0
1,1,1,1,1,0,0,0,-1,1,-1,-1,0,0,0,0,0,-1,-1,-1,0,0,0,0,0,-1,-1,-1,-1,0,0,0,0,0,0,-1,-1,-1,0,0,0,0,0,-1,0,0,0,0,0,0,0,0,0,0,0,0,0,0,0,0,0,0,0,0,1.0
0,0,1,0,0,0,0,0,0,0,0,1,0,1,0,0,0,1,0,-1,1,0,0,0,0,0,1,-1,-1,0,0,0,0,0,-1,-1,-1,0,0,0,0,0,0,0,0,0,0,0,0,0,0,0,0,0,0,0,0,0,0,0,0,0,0,0,1.0
-1,1,1,1,1,1,1,1,1,1,-1,1,0,1,0,1,-1,1,1,-1,1,1,1,-1,-1,-1,-1,-1,-1,-1,-1,0,-1,-1,-1,-1,-1,0,0,0,0,-1,0,0,0,0,0,0,0,-1,0,0,0,0,0,0,0,0,0,0,0,0,0,0,1.0
1,1,1,1,1,1,1,0,1,1,1,1,-1,-1,1,0,1,1,1,-1,-1,-1,1,1,0,0,-1,-1,-1,-1,0,0,0,-1,-1,-1,-1,0,0,0,0,-1,0,0,0,0,0,0,-1,0,0,0,0,0,0,0,0,0,0,0,0,0,0,0,1.0
-1,1,0,1,1,1,-1,0,-1,-1,1,-1,1,-1,1,0,-1,-1,-1,-1,-1,1,1,0,-1,-1,-1,-1,1,1,1,0,0,0,0,-1,-1,0,0,0,0,0,-1,0,0,0,0,0,0,0,0,0,0,0,0,0,0,0,0,0,0,0,0,0,1.0
0,0,0,0,0,0,0,0,0,-1,0,0,0,0,1,0,0,0,-1,1,0,1,-1,0,0,0,1,-1,-1,-1,0,0,0,0,1,-1,-1,0,0,0,0,1,0,0,0,0,0,0,0,0,0,0,0,0,0,0,0,0,0,0,0,0,0,0,1.0
0,1,1,1,1,1,-1,-1,1,1,1,1,1,1,1,-1,-1,-1,1,-1,-1,1,1,-1,-1,-1,-1,-1,-1,-1,-1,-1,-1,-1,-1,-1,-1,-1,-1,1,-1,-1,-1,0,0,0,0,0,-1,0,0,-1,0,0,0,0,0,0,0,0,0,0,0,0,0.0
1,-1,-1,-1,-1,-1,-1,-1,-1,-1,-1,1,-1,-1,1,-1,-1,-1,1,1,-1,1,1,1,-1,-1,-1,-1,-1,1,1,-1,1,1,1,-1,-1,1,0,-1,0,0,0,0,-1,0,0,0,0,0,0,0,0,0,0,0,0,0,0,0,0,0,0,0,0.0
0,0,0,0,0,0,0,0,0,0,0,0,0,1,0,0,0,0,0,1,1,0,0,0,0,0,0,1,-1,0,0,0,0,0,-1,-1,-1,0,0,0,0,0,0,0,0,0,0,0,0,0,0,0,0,0,0,0,0,0,0,0,0,0,0,0,0.0
0,1,1,1,1,1,-1,-1,1,1,1,1,1,1,1,-1,-1,-1,1,1,1,1,-1,-1,-1,-1,-1,1,1,-1,-1,-1,-1,-1,-1,-1,1,-1,-1,1,-1,-1,-1,-1,-1,0,0,0,-1,0,-1,-1,0,-1,0,0,0,0,0,0,0,0,0,0,0.0
-1,1,1,1,1,1,1,1,0,1,-1,1,0,1,0,1,-1,1,1,-1,1,1,1,-1,0,1,0,-1,-1,1,0,0,-1,-1,-1,-1,-1,0,0,0,0,-1,0,0,0,0,0,0,0,-1,0,0,0,0,0,0,0,0,0,0,0,0,0,0,1.0
0,0,0,0,0,0,0,0,0,0,0,0,0,1,0,0,0,1,0,1,1,0,0,0,0,0,1,-1,-1,0,0,0,0,0,0,-1,-1,0,0,0,0,0,-1,0,0,0,0,0,0,0,0,0,0,0,0,0,0,0,0,0,0,0,0,0,1.0
-1,-1,-1,-1,-1,-1,-1,-1,-1,-1,1,1,-1,1,1,-1,-1,-1,-1,1,-1,1,1,-1,-1,-1,-1,-1,-1,1,1,-1,-1,-1,-1,1,-1,1,1,-1,-1,-1,-1,-1,1,1,-1,-1,-1,-1,1,1,-1,-1,1,-1,-1,0,1,-1,-1,0,0,0,0.0
0,0,1,-1,0,0,0,0,0,0,0,-1,0,1,0,0,0,0,0,-1,1,0,0,0,0,0,0,-1,1,1,0,0,0,0,0,-1,-1,0,0,0,0,0,-1,0,0,0,0,0,0,0,0,0,0,0,0,0,0,0,0,0,0,0,0,0,1.0
1,1,1,-1,-1,-1,0,0,1,1,1,1,-1,0,1,0,1,1,1,-1,-1,1,1,1,0,0,-1,-1,-1,-1,0,0,0,-1,-1,-1,-1,0,0,0,0,-1,0,0,0,0,0,0,-1,0,0,0,0,0,0,0,0,0,0,0,0,0,0,0,1.0
-1,1,1,1,1,1,1,1,-1,-1,1,1,1,1,-1,1,-1,-1,-1,1,1,-1,-1,1,-1,-1,1,-1,1,-1,-1,1,-1,-1,-1,1,1,1,-1,1,-1,-1,-1,-1,1,-1,-1,1,0,0,0,0,0,0,0,0,0,0,0,0,0,0,0,0,1.0
1,1,1,1,1,1,-1,1,1,1,-1,1,1,1,1,1,1,1,-1,1,1,1,1,1,1,1,-1,1,-1,-1,1,1,1,1,-1,1,-1,-1,1,1,0,1,-1,1,-1,1,-1,1,1,-1,1,-1,1,-1,1,1,-1,1,1,1,1,1,1,1,1.0
1,1,1,1,1,1,1,1,1,1,1,1,1,-1,1,1,1,1,1,-1,-1,1,-1,1,0,0,-1,-1,-1,-1,-1,-1,0,-1,-1,-1,-1,0,0,0,0,-1,0,0,0,0,0,0,-1,0,0,0,0,0,0,0,0,0,0,0,0,0,0,0,1.0
0,0,1,-1,0,0,0,0,0,0,0,-1,1,1,0,0,0,1,0,-1,1,0,0,0,0,0,1,-1,-1,0,0,0,0,0,-1,-1,-1,0,0,0,0,0,0,0,0,0,0,0,0,0,0,0,0,0,0,0,0,0,0,0,0,0,0,0,1.0
1,-1,-1,-1,-1,-1,-1,-1,-1,-1,-1,1,1,-1,1,-1,-1,-1,1,1,1,1,1,1,-1,-1,-1,-1,-1,-1,-1,-1,1,-1,-1,-1,-1,0,0,-1,0,0,0,0,0,0,0,0,0,0,0,0,0,0,0,0,0,0,0,0,0,0,0,0,0.0
-1,1,1,1,1,1,1,1,-1,1,1,-1,-1,1,1,1,-1,-1,1,1,-1,1,1,1,-1,-1,-1,-1,1,1,1,1,-1,-1,1,-1,1,1,-1,-1,-1,-1,-1,1,-1,-1,0,0,-1,-1,0,-1,0,-1,0,0,0,0,0,0,0,0,0,0,1.0
1,1,1,1,0,-1,0,0,1,1,1,1,1,1,0,0,1,-1,1,1,1,1,0,0,1,-1,1,1,1,1,0,0,-1,-1,0,-1,-1,0,0,0,1,-1,0,0,-1,0,0,0,0,0,0,0,0,0,0,0,0,0,0,0,0,0,0,0,1.0
1,1,1,1,1,1,1,1,0,1,1,1,1,1,1,0,-1,-1,-1,-1,-1,-1,-1,0,-1,-1,-1,-1,-1,-1,0,0,0,0,-1,-1,-1,0,0,0,0,0,0,0,0,0,0,0,0,0,0,0,0,0,0,0,0,0,0,0,0,0,0,0,1.0
0,1,1,1,1,0,0,0,1,1,1,1,0,1,-1,0,-1,-1,-1,1,0,-1,0,0,-1,-1,-1,-1,-1,1,0,0,-1,-1,-1,-1,-1,1,0,0,-1,-1,0,0,0,0,0,0,-1,0,0,0,0,0,0,0,0,0,0,0,0,0,0,0,0.0
1,1,1,1,1,1,1,1,1,1,1,-1,1,1,1,1,1,1,-1,1,-1,-1,1,1,1,-1,1,1,1,1,-1,1,-1,0,0,-1,-1,0,0,-1,0,0,-1,0,0,0,0,0,0,0,0,0,0,0,0,0,0,0,0,0,0,0,0,0,1.0
0,0,1,1,1,0,0,0,0,0,-1,1,0,0,0,0,-1,0,-1,-1,0,0,0,0,0,-1,-1,-1,1,0,0,0,0,1,-1,-1,-1,0,0,0,0,-1,0,0,0,0,0,0,-1,0,0,0,0,0,0,0,0,0,0,0,0,0,0,0,0.0
1,1,1,1,1,1,1,1,1,1,1,-1,1,1,1,1,1,1,-1,-1,1,1,1,1,1,1,-1,-1,1,1,1,1,1,1,-1,-1,1,1,1,1,1,-1,1,-1,1,-1,1,1,1,1,-1,-1,-1,-1,1,1,1,1,-1,-1,0,-1,0,0,1.0
-1,1,1,1,1,1,1,1,-1,1,1,-1,-1,1,1,1,-1,-1,1,1,-1,1,1,1,-1,-1,-1,-1,1,-1,1,1,-1,-1,-1,-1,1,1,-1,-1,-1,-1,-1,1,-1,-1,-1,-1,-1,-1,-1,-1,0,-1,0,0,0,0,-1,0,0,0,0,0,1.0
0,0,0,0,0,0,0,0,-1,0,0,0,0,1,0,0,0,-1,0,1,1,0,-1,0,0,1,1,1,1,-1,0,0,0,0,0,-1,-1,0,0,0,0,0,-1,0,0,0,0,0,0,0,0,0,0,0,0,0,0,0,0,0,0,0,0,0,1.0
0,0,1,-1,0,1,0,0,0,0,-1,-1,-1,-1,-1,-1,0,0,-1,-1,1,0,-1,0,0,0,0,-1,-1,-1,1,0,0,0,-1,-1,-1,0,0,0,0,0,0,0,0,0,0,0,0,0,0,0,0,0,0,0,0,0,0,0,0,0,0,0,0.0
1,1,1,1,1,1,-1,1,1,1,-1,1,1,1,1,1,1,1,1,1,-1,1,1,1,1,1,1,-1,1,-1,-1,1,1,0,-1,-1,-1,-1,-1,0,0,0,-1,-1,0,0,0,0,0,0,0,0,0,0,0,0,0,0,0,0,0,0,0,0,1.0
1,1,1,1,0,0,0,1,0,1,0,0,1,0,1,0,-1,-1,1,-1,-1,1,0,0,0,0,0,-1,-1,-1,0,0,0,0,1,-1,-1,-1,0,0,0,0,0,-1,0,0,0,0,0,0,0,0,0,0,0,0,0,0,0,0,0,0,0,0,1.0
0,1,1,1,1,0,-1,-1,1,1,1,1,0,-1,-1,1,-1,-1,1,1,-1,1,1,0,-1,-1,1,-1,-1,-1,-1,0,-1,-1,-1,-1,-1,1,0,0,-1,-1,-1,0,0,0,0,0,-1,0,0,-1,0,0,0,0,0,0,0,0,0,0,0,0,0.0
0,0,0,-1,1,0,0,0,0,0,0,1,0,0,0,0,-1,0,1,-1,0,0,0,0,0,-1,1,-1,1,0,0,0,0,1,-1,-1,-1,0,0,0,0,-1,0,0,0,0,0,0,-1,0,0,0,0,0,0,0,0,0,0,0,0,0,0,0,0.0
1,1,1,1,1,1,1,1,1,1,1,1,1,-1,1,1,1,1,1,1,-1,1,-1,1,1,1,-1,-1,1,-1,1,1,1,1,-1,1,-1,1,-1,1,1,1,-1,-1,0,-1,0,-1,-1,0,-1,0,0,0,0,0,0,0,0,0,0,0,0,0,1.0
1,1,1,1,1,1,1,1,0,1,1,1,1,1,1,1,-1,-1,-1,-1,-1,1,1,1,-1,-1,-1,-1,-1,-1,-1,-1,0,0,-1,-1,-1,0,0,0,0,0,0,0,0,0,0,0,0,0,0,0,0,0,0,0,0,0,0,0,0,0,0,0,1.0
1,-1,0,0,0,0,0,0,0,-1,-1,0,0,0,1,0,0,-1,1,-1,0,1,-1,0,0,0,-1,-1,-1,-1,0,0,0,0,1,-1,-1,0,0,0,0,1,0,0,0,0,0,0,0,0,0,0,0,0,0,0,0,0,0,0,0,0,0,0,1.0
0,1,1,1,1,1,-1,-1,1,1,1,1,1,1,1,-1,-1,-1,1,1,1,1,-1,-1,-1,-1,-1,1,1,1,-1,-1,-1,-1,-1,-1,1,1,-1,1,-1,-1,-1,-1,-1,-1,-1,0,-1,0,-1,-1,0,-1,0,0,0,0,0,0,0,0,0,0,0.0
1,1,1,1,1,1,1,0,1,1,1,1,-1,-1,-1,-1,1,-1,-1,-1,0,0,0,0,0,-1,-1,-1,-1,0,0,0,0,0,0,-1,-1,-1,0,0,0,0,0,-1,0,0,0,0,0,0,0,0,0,0,0,0,0,0,0,0,0,0,0,0,1.0
-1,1,1,1,1,1,1,1,-1,1,1,-1,-1,1,1,1,-1,1,1,1,-1,1,1,1,-1,-1,1,-1,1,-1,-1,1,-1,1,-1,-1,-1,-1,-1,-1,-1,-1,0,0,0,0,0,0,-1,-1,0,0,0,0,0,0,0,0,0,0,0,0,0,0,1.0
-1,1,1,1,1,1,1,1,-1,-1,1,1,1,1,-1,1,-1,-1,-1,1,1,1,-1,1,-1,-1,1,-1,-1,1,-1,1,-1,-1,1,-1,-1,1,1,1,-1,-1,-1,1,-1,1,1,1,-1,-1,1,-1,-1,1,-1,0,-1,-1,0,0,-1,0,0,0,1.0
0,0,0,0,1,0,0,0,0,0,0,1,0,0,0,0,0,1,1,-1,-1,0,0,0,0,0,0,-1,-1,0,0,0,0,0,1,-1,-1,0,0,0,0,1,0,0,0,0,0,0,0,0,0,0,0,0,0,0,0,0,0,0,0,0,0,0,1.0
0,1,1,1,1,0,0,0,0,0,1,1,0,0,0,0,-1,0,-1,1,0,0,0,0,0,-1,-1,-1,1,0,0,0,0,-1,-1,-1,-1,0,0,0,-1,-1,0,0,0,0,0,0,-1,0,0,0,0,0,0,0,0,0,0,0,0,0,0,0,0.0
1,-1,-1,-1,-1,-1,-1,-1,-1,-1,-1,1,1,-1,1,-1,1,-1,1,1,1,1,1,1,0,-1,-1,-1,-1,-1,-1,-1,0,-1,-1,-1,-1,0,0,-1,0,0,0,0,0,0,0,0,0,0,0,0,0,0,0,0,0,0,0,0,0,0,0,0,0.0
1,1,1,1,1,1,1,-1,1,1,1,1,1,1,-1,-1,1,-1,1,1,1,-1,1,-1,1,1,1,1,-1,1,-1,-1,-1,-1,1,-1,-1,-1,-1,-1,-1,-1,-1,0,-1,0,0,0,-1,0,0,0,0,0,0,0,0,0,0,0,0,0,0,0,1.0
0,0,1,1,1,0,0,0,0,0,0,1,0,1,0,0,-1,-1,-1,-1,1,0,0,0,0,-1,0,1,-1,0,0,0,0,1,-1,-1,-1,0,0,0,0,1,0,0,0,0,0,0,0,0,0,0,0,0,0,0,0,0,0,0,0,0,0,0,1.0
-1,1,1,1,1,1,1,1,-1,-1,1,1,1,-1,-1,-1,-1,-1,-1,-1,-1,-1,-1,-1,-1,-1,-1,-1,1,1,1,0,0,0,0,-1,-1,0,0,0,0,0,-1,0,0,0,0,0,0,0,0,0,0,0,0,0,0,0,0,0,0,0,0,0,1.0
-1,1,1,1,1,1,1,1,1,1,1,-1,-1,1,0,1,-1,1,1,1,-1,1,1,1,-1,-1,-1,-1,1,-1,1,1,-1,-1,-1,-1,-1,-1,-1,0,0,-1,0,0,0,0,0,0,0,-1,0,0,0,0,0,0,0,0,0,0,0,0,0,0,1.0
0,0,0,0,0,0,0,0,0,0,0,0,0,1,0,0,0,0,0,1,1,0,0,0,0,0,-1,-1,-1,0,0,0,0,0,0,1,-1,0,0,0,0,0,0,0,0,0,0,0,0,0,0,0,0,0,0,0,0,0,0,0,0,0,0,0,1.0
-1,1,1,1,1,1,1,1,-1,-1,1,1,1,1,-1,1,-1,-1,1,1,1,-1,1,1,-1,-1,1,1,-1,-1,-1,1,-1,-1,1,-1,-1,-1,0,-1,-1,-1,-1,0,0,0,0,0,0,0,0,0,0,0,0,0,0,0,0,0,0,0,0,0,1.0
0,1,1,1,1,0,0,-1,1,1,1,1,0,1,-1,1,-1,-1,1,1,0,-1,0,0,-1,-1,1,-1,-1,1,0,0,-1,-1,1,-1,-1,1,0,0,-1,-1,-1,0,0,0,0,0,-1,0,0,-1,0,0,0,0,0,0,0,0,0,0,0,0,0.0
1,1,1,1,1,1,1,1,1,1,1,1,1,-1,1,1,1,1,1,1,-1,-1,-1,1,1,1,-1,-1,-1,-1,-1,-1,1,-1,-1,-1,-1,-1,-1,0,0,-1,0,0,0,-1,0,0,-1,0,0,0,0,0,0,0,0,0,0,0,0,0,0,0,1.0
1,1,1,-1,1,0,0,0,1,1,1,-1,0,0,1,0,1,1,1,-1,-1,1,1,1,0,0,-1,-1,-1,-1,0,0,0,-1,-1,-1,-1,0,0,0,0,-1,0,0,0,0,0,0,-1,0,0,0,0,0,0,0,0,0,0,0,0,0,0,0,1.0
1,1,1,1,1,1,-1,1,1,1,-1,1,1,1,1,1,1,1,1,1,-1,1,1,1,1,1,1,-1,-1,-1,1,1,1,1,-1,1,-1,1,1,1,0,-1,-1,-1,-1,-1,0,0,0,1,0,0,-1,0,0,0,0,0,0,0,0,0,0,0,1.0
-1,1,1,1,1,1,1,1,-1,1,1,-1,-1,1,1,1,-1,-1,1,1,-1,1,1,1,-1,-1,-1,-1,1,-1,1,1,-1,-1,-1,1,-1,-1,1,-1,-1,-1,1,-1,1,-1,1,-1,-1,-1,-1,1,-1,1,-1,-1,1,1,1,1,1,1,1,-1,1.0
1,1,1,1,1,1,1,1,0,1,1,1,1,1,1,-1,-1,-1,-1,-1,-1,1,-1,0,-1,-1,-1,-1,-1,-1,1,0,0,0,-1,-1,-1,0,0,0,0,0,0,0,0,0,0,0,0,0,0,0,0,0,0,0,0,0,0,0,0,0,0,0,1.0
1,-1,-1,-1,-1,-1,-1,-1,-1,-1,-1,1,-1,-1,-1,-1,-1,-1,-1,1,1,-1,-1,-1,-1,-1,1,1,-1,1,-1,-1,-1,-1,-1,1,-1,-1,1,-1,-1,1,-1,1,-1,1,-1,-1,-1,-1,-1,-1,1,-1,1,-1,-1,-1,-1,-1,-1,-1,-1,-1,0.0
1,1,1,1,1,1,1,1,1,1,1,1,1,-1,1,1,1,1,1,1,-1,1,1,1,1,1,-1,-1,-1,1,-1,1,1,1,-1,-1,1,-1,-1,1,1,1,1,1,-1,-1,1,1,1,1,1,-1,1,-1,-1,1,1,1,-1,0,0,-1,-1,-1,1.0
1,1,1,1,1,1,1,1,1,1,1,-1,1,1,1,1,1,1,-1,1,1,1,1,1,1,1,-1,-1,1,1,1,1,1,1,-1,1,1,1,1,-1,1,1,-1,-1,1,1,1,0,0,0,-1,0,-1,0,0,0,0,0,0,0,0,0,0,0,1.0
1,1,1,1,1,1,-1,1,1,1,-1,1,1,1,1,1,1,1,1,1,1,1,1,1,1,1,1,1,-1,-1,1,1,1,1,1,1,1,-1,1,1,0,1,1,1,1,1,-1,-1,1,1,0,0,-1,-1,-1,-1,0,0,0,0,0,0,0,0,1.0
1,1,1,1,1,-1,-1,0,0,0,-1,1,-1,1,1,0,0,0,-1,-1,-1,0,0,0,0,0,0,-1,-1,-1,-1,0,0,0,0,-1,-1,0,0,0,0,0,-1,0,0,0,0,0,0,0,0,0,0,0,0,0,0,0,0,0,0,0,0,0,1.0
1,1,1,1,0,0,0,1,0,1,0,0,1,1,1,0,-1,-1,1,-1,1,1,0,0,0,0,-1,-1,-1,-1,0,0,0,0,1,-1,-1,-1,0,0,0,0,0,-1,0,0,0,0,0,0,0,0,0,0,0,0,0,0,0,0,0,0,0,0,1.0
0,0,0,0,0,0,0,0,0,0,0,0,-1,1,1,0,0,0,-1,1,-1,0,1,0,0,0,0,-1,-1,1,1,0,0,0,-1,-1,-1,0,0,0,0,0,0,0,0,0,0,0,0,0,0,0,0,0,0,0,0,0,0,0,0,0,0,0,0.0
1,1,1,1,1,1,1,1,1,1,1,-1,-1,-1,-1,-1,1,1,-1,-1,-1,0,0,0,0,0,0,-1,-1,-1,-1,0,0,0,0,-1,-1,0,0,0,0,0,-1,0,0,0,0,0,0,0,0,0,0,0,0,0,0,0,0,0,0,0,0,0,1.0
0,0,0,0,0,0,0,0,0,0,0,0,0,0,0,0,0,0,0,1,0,0,0,0,0,0,0,1,1,0,0,0,0,0,-1,-1,-1,0,0,0,0,0,0,0,0,0,0,0,0,0,0,0,0,0,0,0,0,0,0,0,0,0,0,0,0.6666666666666666
0,0,0,0,0,0,0,0,-1,1,1,-1,0,1,0,0,0,1,0,1,-1,0,-1,0,-1,-1,-1,-1,1,-1,0,0,0,0,0,-1,-1,0,0,0,0,0,-1,0,0,0,0,0,0,0,0,0,0,0,0,0,0,0,0,0,0,0,0,0,1.0
-1,1,1,1,1,1,1,1,0,1,-1,1,0,1,0,0,-1,1,1,-1,1,1,-1,-1,0,1,0,-1,-1,1,0,0,-1,-1,-1,-1,-1,0,0,0,0,1,0,0,0,0,0,0,0,0,0,0,0,0,0,0,0,0,0,0,0,0,0,0,1.0
0,0,0,1,0,0,0,0,0,0,0,0,1,0,-1,0,0,1,1,1,-1,-1,0,0,0,0,0,1,-1,-1,0,0,0,0,1,1,-1,0,0,0,0,0,0,0,0,0,0,0,0,0,0,0,0,0,0,0,0,0,0,0,0,0,0,0,1.0
-1,1,1,1,1,1,1,1,-1,-1,1,1,1,1,-1,1,-1,-1,1,1,1,-1,1,1,-1,-1,1,1,-1,1,1,1,-1,-1,-1,1,1,1,1,-1,-1,-1,-1,-1,0,0,0,0,0,0,0,0,0,0,0,0,0,0,0,0,0,0,0,0,1.0
-1,-1,-1,-1,-1,-1,-1,-1,-1,-1,1,1,1,1,1,-1,-1,-1,-1,1,1,1,-1,-1,-1,-1,-1,-1,1,1,-1,-1,-1,-1,-1,1,1,1,-1,-1,-1,-1,1,-1,1,-1,-1,-1,-1,1,-1,-1,-1,-1,0,-1,0,0,0,-1,0,0,0,0,0.0
0,1,1,1,1,0,0,0,0,0,1,1,0,0,0,0,-1,1,1,1,0,0,0,0,0,-1,-1,-1,-1,-1,0,0,0,-1,-1,-1,-1,0,0,0,-1,-1,0,0,0,0,0,0,-1,0,0,0,0,0,0,0,0,0,0,0,0,0,0,0,0.0
1,1,1,1,1,1,1,1,1,1,1,1,1,1,1,1,1,-1,1,1,-1,1,1,1,1,-1,1,-1,1,1,1,1,1,1,-1,-1,-1,1,0,1,1,-1,0,-1,0,-1,0,0,0,0,0,0,0,0,0,0,0,0,0,0,0,0,0,0,1.0
0,1,0,0,1,0,0,0,0,1,0,1,0,0,0,0,0,1,-1,-1,0,0,0,0,0,0,1,-1,-1,0,0,0,0,0,0,-1,-1,-1,0,0,0,0,0,-1,0,0,0,0,0,0,0,0,0,0,0,0,0,0,0,0,0,0,0,0,1.0
1,1,1,1,1,1,1,1,1,1,1,-1,1,1,1,1,1,1,-1,1,1,1,1,1,1,1,-1,-1,1,1,1,1,1,1,-1,1,1,1,-1,-1,1,1,-1,1,1,-1,0,0,0,0,-1,0,0,0,0,0,0,0,0,0,0,0,0,0,1.0
1,1,1,1,0,-1,0,-1,1,1,1,1,1,1,-1,1,1,-1,1,1,1,-1,0,0,1,1,1,1,-1,1,0,0,-1,-1,1,-1,-1,0,0,0,1,-1,0,0,-1,0,0,0,0,0,0,0,0,0,0,0,0,0,0,0,0,0,0,0,1.0
0,0,0,0,0,0,0,0,0,0,0,-1,0,1,0,0,0,1,0,-1,1,0,0,0,0,0,1,-1,-1,0,0,0,0,0,0,1,-1,0,0,0,0,0,0,0,0,0,0,0,0,0,0,0,0,0,0,0,0,0,0,0,0,0,0,0,1.0
-1,1,1,1,1,1,1,1,-1,1,1,-1,-1,1,1,1,-1,-1,1,1,-1,1,1,1,-1,-1,-1,-1,1,-1,1,1,-1,-1,-1,1,-1,-1,1,-1,-1,-1,1,-1,-1,1,-1,-1,-1,-1,-1,1,-1,-1,-1,-1,1,1,1,1,-1,-1,0,0,1.0
1,1,1,1,0,-1,0,-1,1,1,1,1,1,1,-1,1,1,-1,1,1,1,1,-1,0,1,1,1,1,-1,-1,-1,0,-1,-1,1,-1,-1,0,0,0,1,-1,0,0,-1,0,0,0,0,0,0,0,0,0,0,0,0,0,0,0,0,0,0,0,1.0
0,1,0,1,0,-1,0,0,-1,1,-1,1,1,1,0,0,-1,-1,-1,1,1,1,0,0,1,1,1,1,1,1,0,0,0,1,0,-1,-1,0,0,0,1,0,0,0,-1,0,0,0,0,0,0,0,0,0,0,0,0,0,0,0,0,0,0,0,1.0
1,1,1,1,1,1,1,1,1,1,1,1,1,-1,1,1,1,1,1,1,-1,1,-1,1,1,1,-1,-1,1,-1,1,1,1,1,1,1,-1,1,-1,1,0,-1,1,-1,0,-1,0,-1,-1,0,0,0,0,0,0,0,0,0,0,0,0,0,0,0,1.0
0,0,0,0,0,0,0,0,0,0,0,0,0,0,0,0,0,0,-1,1,0,0,0,0,0,0,0,-1,1,0,0,0,0,0,0,1,-1,0,0,0,0,0,0,0,0,0,0,0,0,0,0,0,0,0,0,0,0,0,0,0,0,0,0,0,1.0
